Date,Daily Tesla Sales
2019-01-01,780
2019-01-02,1056
2019-01-03,204
2019-01-04,353
2019-01-05,648
2019-01-06,914
2019-01-07,16
2019-01-08,608
2019-01-09,202
2019-01-10,894
2019-01-11,188
2019-01-12,190
2019-01-13,304
2019-01-14,914
2019-01-15,1063
2019-01-16,894
2019-01-17,255
2019-01-18,868
2019-01-19,1225
2019-01-20,587
2019-01-21,1031
2019-01-22,142
2019-01-23,1044
2019-01-24,682
2019-01-25,77
2019-01-26,631
2019-01-27,1068
2019-01-28,708
2019-01-29,841
2019-01-30,631
2019-01-31,914
2019-02-01,357
2019-02-02,26
2019-02-03,378
2019-02-04,731
2019-02-05,125
2019-02-06,125
2019-02-07,383
2019-02-08,631
2019-02-09,1049
2019-02-10,255
2019-02-11,42
2019-02-12,123
2019-02-13,332
2019-02-14,543
2019-02-15,197
2019-02-16,585
2019-02-17,566
2019-02-18,344
2019-02-19,966
2019-02-20,385
2019-02-21,1019
2019-02-22,487
2019-02-23,160
2019-02-24,996
2019-02-25,12
2019-02-26,991
2019-02-27,381
2019-02-28,696
2019-03-01,209
2019-03-02,16
2019-03-03,606
2019-03-04,487
2019-03-05,425
2019-03-06,1003
2019-03-07,596
2019-03-08,1010
2019-03-09,353
2019-03-10,594
2019-03-11,650
2019-03-12,462
2019-03-13,272
2019-03-14,77
2019-03-15,30
2019-03-16,183
2019-03-17,202
2019-03-18,30
2019-03-19,982
2019-03-20,747
2019-03-21,559
2019-03-22,641
2019-03-23,267
2019-03-24,9
2019-03-25,866
2019-03-26,1123
2019-03-27,172
2019-03-28,346
2019-03-29,460
2019-03-30,406
2019-03-31,244
2019-04-01,536
2019-04-02,535
2019-04-03,112
2019-04-04,522
2019-04-05,452
2019-04-06,118
2019-04-07,233
2019-04-08,143
2019-04-09,105
2019-04-10,57
2019-04-11,693
2019-04-12,592
2019-04-13,266
2019-04-14,698
2019-04-15,709
2019-04-16,573
2019-04-17,665
2019-04-18,206
2019-04-19,156
2019-04-20,141
2019-04-21,37
2019-04-22,134
2019-04-23,702
2019-04-24,722
2019-04-25,338
2019-04-26,83
2019-04-27,739
2019-04-28,132
2019-04-29,551
2019-04-30,525
2019-05-01,575
2019-05-02,263
2019-05-03,696
2019-05-04,683
2019-05-05,553
2019-05-06,85
2019-05-07,321
2019-05-08,7
2019-05-09,99
2019-05-10,452
2019-05-11,702
2019-05-12,316
2019-05-13,601
2019-05-14,737
2019-05-15,610
2019-05-16,742
2019-05-17,437
2019-05-18,235
2019-05-19,467
2019-05-20,314
2019-05-21,103
2019-05-22,608
2019-05-23,535
2019-05-24,597
2019-05-25,15
2019-05-26,259
2019-05-27,555
2019-05-28,355
2019-05-29,200
2019-05-30,380
2019-05-31,518
2019-06-01,516
2019-06-02,358
2019-06-03,152
2019-06-04,707
2019-06-05,303
2019-06-06,255
2019-06-07,456
2019-06-08,215
2019-06-09,33
2019-06-10,452
2019-06-11,191
2019-06-12,397
2019-06-13,507
2019-06-14,356
2019-06-15,698
2019-06-16,145
2019-06-17,579
2019-06-18,165
2019-06-19,718
2019-06-20,20
2019-06-21,182
2019-06-22,213
2019-06-23,592
2019-06-24,658
2019-06-25,733
2019-06-26,603
2019-06-27,575
2019-06-28,694
2019-06-29,309
2019-06-30,90
2019-07-01,335
2019-07-02,89
2019-07-03,387
2019-07-04,847
2019-07-05,639
2019-07-06,408
2019-07-07,629
2019-07-08,398
2019-07-09,244
2019-07-10,42
2019-07-11,377
2019-07-12,177
2019-07-13,96
2019-07-14,672
2019-07-15,783
2019-07-16,670
2019-07-17,395
2019-07-18,737
2019-07-19,167
2019-07-20,889
2019-07-21,668
2019-07-22,410
2019-07-23,433
2019-07-24,537
2019-07-25,15
2019-07-26,325
2019-07-27,514
2019-07-28,142
2019-07-29,883
2019-07-30,525
2019-07-31,774
2019-08-01,814
2019-08-02,862
2019-08-03,425
2019-08-04,106
2019-08-05,214
2019-08-06,606
2019-08-07,678
2019-08-08,805
2019-08-09,681
2019-08-10,683
2019-08-11,558
2019-08-12,248
2019-08-13,579
2019-08-14,635
2019-08-15,217
2019-08-16,481
2019-08-17,666
2019-08-18,464
2019-08-19,189
2019-08-20,250
2019-08-21,147
2019-08-22,462
2019-08-23,520
2019-08-24,35
2019-08-25,572
2019-08-26,654
2019-08-27,587
2019-08-28,708
2019-08-29,129
2019-08-30,183
2019-08-31,545
2019-09-01,639
2019-09-02,285
2019-09-03,549
2019-09-04,349
2019-09-05,489
2019-09-06,260
2019-09-07,558
2019-09-08,835
2019-09-09,568
2019-09-10,158
2019-09-11,614
2019-09-12,778
2019-09-13,196
2019-09-14,363
2019-09-15,209
2019-09-16,194
2019-09-17,631
2019-09-18,219
2019-09-19,119
2019-09-20,410
2019-09-21,448
2019-09-22,483
2019-09-23,541
2019-09-24,516
2019-09-25,539
2019-09-26,824
2019-09-27,583
2019-09-28,64
2019-09-29,450
2019-09-30,294
2019-10-01,1115
2019-10-02,136
2019-10-03,637
2019-10-04,318
2019-10-05,54
2019-10-06,26
2019-10-07,927
2019-10-08,598
2019-10-09,41
2019-10-10,617
2019-10-11,429
2019-10-12,1102
2019-10-13,866
2019-10-14,147
2019-10-15,914
2019-10-16,19
2019-10-17,1152
2019-10-18,136
2019-10-19,191
2019-10-20,875
2019-10-21,738
2019-10-22,715
2019-10-23,175
2019-10-24,741
2019-10-25,823
2019-10-26,656
2019-10-27,297
2019-10-28,738
2019-10-29,212
2019-10-30,63
2019-10-31,299
2019-11-01,747
2019-11-02,435
2019-11-03,959
2019-11-04,891
2019-11-05,496
2019-11-06,52
2019-11-07,238
2019-11-08,37
2019-11-09,262
2019-11-10,219
2019-11-11,392
2019-11-12,253
2019-11-13,160
2019-11-14,56
2019-11-15,1286
2019-11-16,466
2019-11-17,1148
2019-11-18,191
2019-11-19,221
2019-11-20,182
2019-11-21,136
2019-11-22,1219
2019-11-23,123
2019-11-24,1042
2019-11-25,1124
2019-11-26,511
2019-11-27,1046
2019-11-28,1093
2019-11-29,325
2019-11-30,1143
2019-12-01,961
2019-12-02,1118
2019-12-03,935
2019-12-04,1200
2019-12-05,1130
2019-12-06,338
2019-12-07,593
2019-12-08,279
2019-12-09,920
2019-12-10,1124
2019-12-11,942
2019-12-12,485
2019-12-13,840
2019-12-14,595
2019-12-15,1096
2019-12-16,717
2019-12-17,32
2019-12-18,981
2019-12-19,492
2019-12-20,751
2019-12-21,1245
2019-12-22,385
2019-12-23,251
2019-12-24,966
2019-12-25,732
2019-12-26,582
2019-12-27,65
2019-12-28,11
2019-12-29,959
2019-12-30,829
2019-12-31,232
2020-01-01,90
2020-01-02,992
2020-01-03,110
2020-01-04,137
2020-01-05,34
2020-01-06,243
2020-01-07,1040
2020-01-08,787
2020-01-09,958
2020-01-10,683
2020-01-11,906
2020-01-12,840
2020-01-13,948
2020-01-14,1030
2020-01-15,510
2020-01-16,826
2020-01-17,247
2020-01-18,265
2020-01-19,474
2020-01-20,1006
2020-01-21,683
2020-01-22,731
2020-01-23,301
2020-01-24,464
2020-01-25,538
2020-01-26,339
2020-01-27,50
2020-01-28,870
2020-01-29,402
2020-01-30,645
2020-01-31,1079
2020-02-01,424
2020-02-02,625
2020-02-03,486
2020-02-04,404
2020-02-05,769
2020-02-06,6
2020-02-07,513
2020-02-08,1153
2020-02-09,781
2020-02-10,1050
2020-02-11,253
2020-02-12,962
2020-02-13,1060
2020-02-14,1000
2020-02-15,647
2020-02-16,74
2020-02-17,143
2020-02-18,984
2020-02-19,1117
2020-02-20,1075
2020-02-21,10
2020-02-22,1016
2020-02-23,444
2020-02-24,603
2020-02-25,48
2020-02-26,836
2020-02-27,337
2020-02-28,1149
2020-02-29,139
2020-03-01,601
2020-03-02,781
2020-03-03,1157
2020-03-04,586
2020-03-05,1109
2020-03-06,669
2020-03-07,679
2020-03-08,673
2020-03-09,386
2020-03-10,1018
2020-03-11,828
2020-03-12,293
2020-03-13,526
2020-03-14,98
2020-03-15,86
2020-03-16,466
2020-03-17,1167
2020-03-18,372
2020-03-19,659
2020-03-20,179
2020-03-21,133
2020-03-22,161
2020-03-23,506
2020-03-24,406
2020-03-25,281
2020-03-26,918
2020-03-27,129
2020-03-28,110
2020-03-29,607
2020-03-30,880
2020-03-31,538
2020-04-01,19
2020-04-02,740
2020-04-03,131
2020-04-04,187
2020-04-05,626
2020-04-06,350
2020-04-07,413
2020-04-08,558
2020-04-09,624
2020-04-10,29
2020-04-11,222
2020-04-12,531
2020-04-13,270
2020-04-14,160
2020-04-15,112
2020-04-16,62
2020-04-17,135
2020-04-18,568
2020-04-19,185
2020-04-20,33
2020-04-21,784
2020-04-22,450
2020-04-23,572
2020-04-24,435
2020-04-25,193
2020-04-26,798
2020-04-27,81
2020-04-28,56
2020-04-29,386
2020-04-30,605
2020-05-01,734
2020-05-02,255
2020-05-03,757
2020-05-04,539
2020-05-05,473
2020-05-06,330
2020-05-07,2
2020-05-08,116
2020-05-09,402
2020-05-10,135
2020-05-11,379
2020-05-12,589
2020-05-13,518
2020-05-14,759
2020-05-15,122
2020-05-16,442
2020-05-17,806
2020-05-18,226
2020-05-19,545
2020-05-20,93
2020-05-21,112
2020-05-22,844
2020-05-23,560
2020-05-24,155
2020-05-25,226
2020-05-26,622
2020-05-27,299
2020-05-28,97
2020-05-29,603
2020-05-30,309
2020-05-31,313
2020-06-01,601
2020-06-02,794
2020-06-03,562
2020-06-04,73
2020-06-05,296
2020-06-06,769
2020-06-07,222
2020-06-08,647
2020-06-09,462
2020-06-10,806
2020-06-11,603
2020-06-12,124
2020-06-13,384
2020-06-14,647
2020-06-15,81
2020-06-16,575
2020-06-17,419
2020-06-18,842
2020-06-19,618
2020-06-20,815
2020-06-21,153
2020-06-22,214
2020-06-23,234
2020-06-24,236
2020-06-25,562
2020-06-26,39
2020-06-27,806
2020-06-28,806
2020-06-29,195
2020-06-30,1123
2020-07-01,815
2020-07-02,1188
2020-07-03,164
2020-07-04,962
2020-07-05,1068
2020-07-06,161
2020-07-07,247
2020-07-08,1249
2020-07-09,702
2020-07-10,17
2020-07-11,111
2020-07-12,1297
2020-07-13,361
2020-07-14,258
2020-07-15,400
2020-07-16,251
2020-07-17,807
2020-07-18,797
2020-07-19,233
2020-07-20,1073
2020-07-21,1323
2020-07-22,1182
2020-07-23,801
2020-07-24,862
2020-07-25,1027
2020-07-26,1279
2020-07-27,291
2020-07-28,80
2020-07-29,1168
2020-07-30,1000
2020-07-31,636
2020-08-01,857
2020-08-02,124
2020-08-03,528
2020-08-04,1140
2020-08-05,1174
2020-08-06,470
2020-08-07,210
2020-08-08,1069
2020-08-09,1123
2020-08-10,621
2020-08-11,128
2020-08-12,379
2020-08-13,503
2020-08-14,207
2020-08-15,484
2020-08-16,21
2020-08-17,817
2020-08-18,801
2020-08-19,1291
2020-08-20,6
2020-08-21,1103
2020-08-22,876
2020-08-23,275
2020-08-24,870
2020-08-25,1168
2020-08-26,931
2020-08-27,229
2020-08-28,88
2020-08-29,84
2020-08-30,1126
2020-08-31,608
2020-09-01,256
2020-09-02,300
2020-09-03,769
2020-09-04,954
2020-09-05,727
2020-09-06,103
2020-09-07,1201
2020-09-08,719
2020-09-09,1191
2020-09-10,140
2020-09-11,530
2020-09-12,1331
2020-09-13,1176
2020-09-14,910
2020-09-15,1243
2020-09-16,954
2020-09-17,991
2020-09-18,673
2020-09-19,1251
2020-09-20,222
2020-09-21,629
2020-09-22,1189
2020-09-23,174
2020-09-24,1080
2020-09-25,929
2020-09-26,470
2020-09-27,252
2020-09-28,616
2020-09-29,776
2020-09-30,512
2020-10-01,577
2020-10-02,583
2020-10-03,661
2020-10-04,657
2020-10-05,89
2020-10-06,225
2020-10-07,1202
2020-10-08,162
2020-10-09,271
2020-10-10,801
2020-10-11,1106
2020-10-12,25
2020-10-13,1160
2020-10-14,844
2020-10-15,951
2020-10-16,185
2020-10-17,605
2020-10-18,770
2020-10-19,902
2020-10-20,684
2020-10-21,1122
2020-10-22,906
2020-10-23,761
2020-10-24,270
2020-10-25,757
2020-10-26,1106
2020-10-27,1220
2020-10-28,142
2020-10-29,1209
2020-10-30,1006
2020-10-31,350
2020-11-01,332
2020-11-02,310
2020-11-03,853
2020-11-04,1122
2020-11-05,764
2020-11-06,815
2020-11-07,247
2020-11-08,9
2020-11-09,973
2020-11-10,1167
2020-11-11,287
2020-11-12,505
2020-11-13,619
2020-11-14,986
2020-11-15,1133
2020-11-16,1089
2020-11-17,4
2020-11-18,38
2020-11-19,893
2020-11-20,839
2020-11-21,1238
2020-11-22,997
2020-11-23,537
2020-11-24,1066
2020-11-25,1127
2020-11-26,842
2020-11-27,882
2020-11-28,975
2020-11-29,1073
2020-11-30,802
2020-12-01,1206
2020-12-02,143
2020-12-03,403
2020-12-04,543
2020-12-05,937
2020-12-06,305
2020-12-07,601
2020-12-08,194
2020-12-09,813
2020-12-10,1151
2020-12-11,265
2020-12-12,783
2020-12-13,56
2020-12-14,314
2020-12-15,619
2020-12-16,626
2020-12-17,585
2020-12-18,1215
2020-12-19,505
2020-12-20,282
2020-12-21,1175
2020-12-22,1036
2020-12-23,410
2020-12-24,806
2020-12-25,1122
2020-12-26,1087
2020-12-27,706
2020-12-28,310
2020-12-29,937
2020-12-30,520
2020-12-31,851
2021-01-01,1518
2021-01-02,305
2021-01-03,835
2021-01-04,247
2021-01-05,961
2021-01-06,1067
2021-01-07,1289
2021-01-08,462
2021-01-09,95
2021-01-10,284
2021-01-11,1158
2021-01-12,172
2021-01-13,253
2021-01-14,818
2021-01-15,1460
2021-01-16,1154
2021-01-17,1388
2021-01-18,924
2021-01-19,95
2021-01-20,1056
2021-01-21,1257
2021-01-22,686
2021-01-23,396
2021-01-24,684
2021-01-25,294
2021-01-26,1170
2021-01-27,769
2021-01-28,29
2021-01-29,1218
2021-01-30,820
2021-01-31,1204
2021-02-01,161
2021-02-02,101
2021-02-03,402
2021-02-04,574
2021-02-05,1496
2021-02-06,77
2021-02-07,1286
2021-02-08,1376
2021-02-09,50
2021-02-10,232
2021-02-11,748
2021-02-12,282
2021-02-13,806
2021-02-14,1156
2021-02-15,224
2021-02-16,690
2021-02-17,23
2021-02-18,1460
2021-02-19,296
2021-02-20,847
2021-02-21,773
2021-02-22,940
2021-02-23,1059
2021-02-24,1454
2021-02-25,563
2021-02-26,1243
2021-02-27,284
2021-02-28,789
2021-03-01,1170
2021-03-02,1293
2021-03-03,972
2021-03-04,1034
2021-03-05,147
2021-03-06,728
2021-03-07,25
2021-03-08,60
2021-03-09,996
2021-03-10,15
2021-03-11,578
2021-03-12,168
2021-03-13,915
2021-03-14,1361
2021-03-15,1005
2021-03-16,220
2021-03-17,665
2021-03-18,634
2021-03-19,531
2021-03-20,251
2021-03-21,849
2021-03-22,959
2021-03-23,485
2021-03-24,1289
2021-03-25,920
2021-03-26,383
2021-03-27,1324
2021-03-28,537
2021-03-29,833
2021-03-30,1342
2021-03-31,1201
2021-04-01,1030
2021-04-02,1438
2021-04-03,1170
2021-04-04,1250
2021-04-05,1313
2021-04-06,1398
2021-04-07,1085
2021-04-08,429
2021-04-09,754
2021-04-10,374
2021-04-11,608
2021-04-12,165
2021-04-13,1227
2021-04-14,589
2021-04-15,1465
2021-04-16,80
2021-04-17,1106
2021-04-18,399
2021-04-19,604
2021-04-20,714
2021-04-21,1411
2021-04-22,745
2021-04-23,458
2021-04-24,486
2021-04-25,395
2021-04-26,790
2021-04-27,1111
2021-04-28,509
2021-04-29,1062
2021-04-30,1394
2021-05-01,24
2021-05-02,289
2021-05-03,450
2021-05-04,773
2021-05-05,714
2021-05-06,334
2021-05-07,566
2021-05-08,855
2021-05-09,557
2021-05-10,551
2021-05-11,1318
2021-05-12,53
2021-05-13,976
2021-05-14,904
2021-05-15,1392
2021-05-16,116
2021-05-17,629
2021-05-18,1468
2021-05-19,788
2021-05-20,1480
2021-05-21,748
2021-05-22,937
2021-05-23,1009
2021-05-24,179
2021-05-25,1208
2021-05-26,802
2021-05-27,1130
2021-05-28,1005
2021-05-29,203
2021-05-30,1221
2021-05-31,946
2021-06-01,46
2021-06-02,672
2021-06-03,532
2021-06-04,1151
2021-06-05,987
2021-06-06,1109
2021-06-07,1109
2021-06-08,331
2021-06-09,604
2021-06-10,978
2021-06-11,6
2021-06-12,1467
2021-06-13,519
2021-06-14,1187
2021-06-15,691
2021-06-16,642
2021-06-17,1107
2021-06-18,344
2021-06-19,1436
2021-06-20,1030
2021-06-21,589
2021-06-22,583
2021-06-23,475
2021-06-24,1368
2021-06-25,308
2021-06-26,1313
2021-06-27,838
2021-06-28,965
2021-06-29,228
2021-06-30,1475
2021-07-01,10
2021-07-02,643
2021-07-03,263
2021-07-04,1489
2021-07-05,227
2021-07-06,1542
2021-07-07,293
2021-07-08,1440
2021-07-09,89
2021-07-10,1323
2021-07-11,985
2021-07-12,1788
2021-07-13,1329
2021-07-14,1511
2021-07-15,629
2021-07-16,1803
2021-07-17,1222
2021-07-18,951
2021-07-19,621
2021-07-20,150
2021-07-21,836
2021-07-22,1801
2021-07-23,285
2021-07-24,249
2021-07-25,382
2021-07-26,1655
2021-07-27,328
2021-07-28,176
2021-07-29,1107
2021-07-30,1283
2021-07-31,957
2021-08-01,1608
2021-08-02,1046
2021-08-03,848
2021-08-04,765
2021-08-05,1509
2021-08-06,1068
2021-08-07,1001
2021-08-08,1657
2021-08-09,310
2021-08-10,267
2021-08-11,844
2021-08-12,1331
2021-08-13,1360
2021-08-14,724
2021-08-15,129
2021-08-16,1428
2021-08-17,142
2021-08-18,1649
2021-08-19,1657
2021-08-20,1689
2021-08-21,506
2021-08-22,212
2021-08-23,548
2021-08-24,959
2021-08-25,65
2021-08-26,1481
2021-08-27,362
2021-08-28,1732
2021-08-29,874
2021-08-30,1697
2021-08-31,581
2021-09-01,672
2021-09-02,607
2021-09-03,409
2021-09-04,61
2021-09-05,1264
2021-09-06,397
2021-09-07,342
2021-09-08,1673
2021-09-09,562
2021-09-10,241
2021-09-11,1228
2021-09-12,461
2021-09-13,1040
2021-09-14,498
2021-09-15,1408
2021-09-16,1546
2021-09-17,1629
2021-09-18,1530
2021-09-19,860
2021-09-20,1683
2021-09-21,445
2021-09-22,1691
2021-09-23,445
2021-09-24,1277
2021-09-25,761
2021-09-26,368
2021-09-27,674
2021-09-28,457
2021-09-29,880
2021-09-30,1126
2021-10-01,789
2021-10-02,240
2021-10-03,1368
2021-10-04,12
2021-10-05,618
2021-10-06,653
2021-10-07,129
2021-10-08,416
2021-10-09,851
2021-10-10,495
2021-10-11,152
2021-10-12,580
2021-10-13,1396
2021-10-14,36
2021-10-15,85
2021-10-16,1122
2021-10-17,1469
2021-10-18,641
2021-10-19,1607
2021-10-20,1162
2021-10-21,1180
2021-10-22,798
2021-10-23,412
2021-10-24,758
2021-10-25,1540
2021-10-26,689
2021-10-27,1063
2021-10-28,1083
2021-10-29,1499
2021-10-30,192
2021-10-31,495
2021-11-01,881
2021-11-02,172
2021-11-03,810
2021-11-04,798
2021-11-05,234
2021-11-06,932
2021-11-07,400
2021-11-08,1653
2021-11-09,614
2021-11-10,1626
2021-11-11,774
2021-11-12,143
2021-11-13,570
2021-11-14,1281
2021-11-15,661
2021-11-16,335
2021-11-17,592
2021-11-18,232
2021-11-19,1196
2021-11-20,877
2021-11-21,1522
2021-11-22,451
2021-11-23,1099
2021-11-24,1516
2021-11-25,1310
2021-11-26,1390
2021-11-27,903
2021-11-28,1322
2021-11-29,313
2021-11-30,1174
2021-12-01,1461
2021-12-02,515
2021-12-03,816
2021-12-04,1045
2021-12-05,697
2021-12-06,36
2021-12-07,1657
2021-12-08,1596
2021-12-09,1223
2021-12-10,1245
2021-12-11,1249
2021-12-12,141
2021-12-13,1704
2021-12-14,1021
2021-12-15,1550
2021-12-16,65
2021-12-17,572
2021-12-18,847
2021-12-19,1544
2021-12-20,926
2021-12-21,780
2021-12-22,1613
2021-12-23,148
2021-12-24,22
2021-12-25,1069
2021-12-26,1356
2021-12-27,1122
2021-12-28,1037
2021-12-29,827
2021-12-30,679
2021-12-31,855
2022-01-01,2961
2022-01-02,2360
2022-01-03,108
2022-01-04,1189
2022-01-05,202
2022-01-06,1545
2022-01-07,1827
2022-01-08,836
2022-01-09,301
2022-01-10,585
2022-01-11,758
2022-01-12,2602
2022-01-13,1482
2022-01-14,1644
2022-01-15,1236
2022-01-16,1196
2022-01-17,476
2022-01-18,2069
2022-01-19,2263
2022-01-20,2244
2022-01-21,2970
2022-01-22,1661
2022-01-23,2492
2022-01-24,962
2022-01-25,1869
2022-01-26,2067
2022-01-27,634
2022-01-28,575
2022-01-29,2023
2022-01-30,588
2022-01-31,2387
2022-02-01,2467
2022-02-02,880
2022-02-03,1444
2022-02-04,779
2022-02-05,2964
2022-02-06,448
2022-02-07,181
2022-02-08,2336
2022-02-09,1096
2022-02-10,3010
2022-02-11,442
2022-02-12,2374
2022-02-13,2787
2022-02-14,2755
2022-02-15,2150
2022-02-16,2572
2022-02-17,882
2022-02-18,2806
2022-02-19,168
2022-02-20,19
2022-02-21,554
2022-02-22,1669
2022-02-23,2054
2022-02-24,558
2022-02-25,3050
2022-02-26,152
2022-02-27,8
2022-02-28,333
2022-03-01,2587
2022-03-02,2364
2022-03-03,1583
2022-03-04,17
2022-03-05,1324
2022-03-06,1440
2022-03-07,1669
2022-03-08,726
2022-03-09,2510
2022-03-10,91
2022-03-11,1019
2022-03-12,1699
2022-03-13,1429
2022-03-14,2629
2022-03-15,2274
2022-03-16,2648
2022-03-17,1078
2022-03-18,2900
2022-03-19,644
2022-03-20,1560
2022-03-21,274
2022-03-22,2301
2022-03-23,724
2022-03-24,907
2022-03-25,1196
2022-03-26,263
2022-03-27,695
2022-03-28,690
2022-03-29,1776
2022-03-30,1078
2022-03-31,1156
2022-04-01,2205
2022-04-02,1171
2022-04-03,1764
2022-04-04,2016
2022-04-05,2954
2022-04-06,1003
2022-04-07,343
2022-04-08,1661
2022-04-09,982
2022-04-10,1821
2022-04-11,1982
2022-04-12,1723
2022-04-13,3070
2022-04-14,3000
2022-04-15,2219
2022-04-16,3033
2022-04-17,563
2022-04-18,2491
2022-04-19,1245
2022-04-20,909
2022-04-21,1596
2022-04-22,1571
2022-04-23,2578
2022-04-24,1177
2022-04-25,162
2022-04-26,1152
2022-04-27,3087
2022-04-28,959
2022-04-29,415
2022-04-30,185
2022-05-01,87
2022-05-02,216
2022-05-03,457
2022-05-04,641
2022-05-05,2952
2022-05-06,1688
2022-05-07,2759
2022-05-08,2541
2022-05-09,2599
2022-05-10,3037
2022-05-11,2167
2022-05-12,139
2022-05-13,592
2022-05-14,1893
2022-05-15,2447
2022-05-16,2012
2022-05-17,1449
2022-05-18,2547
2022-05-19,1196
2022-05-20,1827
2022-05-21,2447
2022-05-22,2867
2022-05-23,228
2022-05-24,2703
2022-05-25,2510
2022-05-26,1268
2022-05-27,2213
2022-05-28,874
2022-05-29,2780
2022-05-30,446
2022-05-31,1497
2022-06-01,66
2022-06-02,2726
2022-06-03,1409
2022-06-04,145
2022-06-05,10
2022-06-06,2921
2022-06-07,2582
2022-06-08,2995
2022-06-09,1877
2022-06-10,698
2022-06-11,10
2022-06-12,419
2022-06-13,1284
2022-06-14,1511
2022-06-15,1167
2022-06-16,1522
2022-06-17,1756
2022-06-18,714
2022-06-19,1956
2022-06-20,978
2022-06-21,411
2022-06-22,1445
2022-06-23,2229
2022-06-24,2474
2022-06-25,2317
2022-06-26,824
2022-06-27,1300
2022-06-28,2398
2022-06-29,1584
2022-06-30,1237
2022-07-01,1912
2022-07-02,275
2022-07-03,1566
2022-07-04,755
2022-07-05,2030
2022-07-06,161
2022-07-07,268
2022-07-08,138
2022-07-09,1945
2022-07-10,315
2022-07-11,880
2022-07-12,2622
2022-07-13,1615
2022-07-14,1365
2022-07-15,1881
2022-07-16,1818
2022-07-17,1233
2022-07-18,2544
2022-07-19,1030
2022-07-20,1447
2022-07-21,1956
2022-07-22,701
2022-07-23,744
2022-07-24,47
2022-07-25,170
2022-07-26,882
2022-07-27,838
2022-07-28,1948
2022-07-29,2519
2022-07-30,534
2022-07-31,49
2022-08-01,637
2022-08-02,1034
2022-08-03,1351
2022-08-04,2084
2022-08-05,1983
2022-08-06,1362
2022-08-07,2402
2022-08-08,257
2022-08-09,1131
2022-08-10,360
2022-08-11,965
2022-08-12,272
2022-08-13,362
2022-08-14,1552
2022-08-15,1177
2022-08-16,887
2022-08-17,989
2022-08-18,1068
2022-08-19,480
2022-08-20,1036
2022-08-21,1588
2022-08-22,1829
2022-08-23,1208
2022-08-24,820
2022-08-25,2959
2022-08-26,1673
2022-08-27,1231
2022-08-28,1776
2022-08-29,1827
2022-08-30,1226
2022-08-31,1904
2022-09-01,570
2022-09-02,994
2022-09-03,422
2022-09-04,107
2022-09-05,123
2022-09-06,2591
2022-09-07,737
2022-09-08,2372
2022-09-09,393
2022-09-10,1331
2022-09-11,983
2022-09-12,2481
2022-09-13,1941
2022-09-14,2678
2022-09-15,1472
2022-09-16,668
2022-09-17,1106
2022-09-18,616
2022-09-19,2924
2022-09-20,2941
2022-09-21,2122
2022-09-22,2465
2022-09-23,788
2022-09-24,2533
2022-09-25,13
2022-09-26,2642
2022-09-27,2698
2022-09-28,2486
2022-09-29,1948
2022-09-30,604
2022-10-01,1777
2022-10-02,2299
2022-10-03,381
2022-10-04,158
2022-10-05,2755
2022-10-06,373
2022-10-07,430
2022-10-08,1831
2022-10-09,237
2022-10-10,1455
2022-10-11,1207
2022-10-12,527
2022-10-13,2123
2022-10-14,2565
2022-10-15,2399
2022-10-16,1003
2022-10-17,2490
2022-10-18,1738
2022-10-19,818
2022-10-20,160
2022-10-21,1357
2022-10-22,2054
2022-10-23,284
2022-10-24,900
2022-10-25,438
2022-10-26,2263
2022-10-27,2200
2022-10-28,152
2022-10-29,1086
2022-10-30,1544
2022-10-31,808
2022-11-01,1451
2022-11-02,1702
2022-11-03,241
2022-11-04,2723
2022-11-05,2490
2022-11-06,2707
2022-11-07,1222
2022-11-08,604
2022-11-09,1094
2022-11-10,47
2022-11-11,1811
2022-11-12,1994
2022-11-13,1141
2022-11-14,531
2022-11-15,586
2022-11-16,296
2022-11-17,2719
2022-11-18,729
2022-11-19,2231
2022-11-20,792
2022-11-21,2958
2022-11-22,474
2022-11-23,2877
2022-11-24,685
2022-11-25,1051
2022-11-26,804
2022-11-27,1570
2022-11-28,2433
2022-11-29,1627
2022-11-30,2994
2022-12-01,1451
2022-12-02,1422
2022-12-03,2958
2022-12-04,2518
2022-12-05,1483
2022-12-06,2135
2022-12-07,1218
2022-12-08,630
2022-12-09,796
2022-12-10,409
2022-12-11,2143
2022-12-12,2342
2022-12-13,2907
2022-12-14,113
2022-12-15,2052
2022-12-16,2409
2022-12-17,2968
2022-12-18,1201
2022-12-19,1801
2022-12-20,2664
2022-12-21,1933
2022-12-22,1039
2022-12-23,2624
2022-12-24,1992
2022-12-25,2569
2022-12-26,1621
2022-12-27,1746
2022-12-28,1963
2022-12-29,1732
2022-12-30,1161
2022-12-31,1444
2023-01-01,1970
2023-01-02,1336
2023-01-03,1879
2023-01-04,2066
2023-01-05,3062
2023-01-06,423
2023-01-07,2885
2023-01-08,461
2023-01-09,920
2023-01-10,3434
2023-01-11,1968
2023-01-12,1955
2023-01-13,2367
2023-01-14,1784
2023-01-15,1393
2023-01-16,3198
2023-01-17,1860
2023-01-18,692
2023-01-19,2003
2023-01-20,2188
2023-01-21,288
2023-01-22,1637
2023-01-23,3361
2023-01-24,1711
2023-01-25,1260
2023-01-26,2350
2023-01-27,1580
2023-01-28,1717
2023-01-29,396
2023-01-30,3321
2023-01-31,3678
2023-02-01,1881
2023-02-02,2546
2023-02-03,629
2023-02-04,2226
2023-02-05,3821
2023-02-06,3784
2023-02-07,3834
2023-02-08,3495
2023-02-09,1294
2023-02-10,2723
2023-02-11,19
2023-02-12,1002
2023-02-13,1073
2023-02-14,867
2023-02-15,91
2023-02-16,32
2023-02-17,2628
2023-02-18,3365
2023-02-19,1866
2023-02-20,1988
2023-02-21,3173
2023-02-22,2193
2023-02-23,274
2023-02-24,1787
2023-02-25,3590
2023-02-26,1319
2023-02-27,528
2023-02-28,2351
2023-03-01,2896
2023-03-02,2007
2023-03-03,2834
2023-03-04,200
2023-03-05,598
2023-03-06,2218
2023-03-07,3091
2023-03-08,362
2023-03-09,3474
2023-03-10,2449
2023-03-11,3792
2023-03-12,1345
2023-03-13,93
2023-03-14,3596
2023-03-15,3695
2023-03-16,65
2023-03-17,3058
2023-03-18,663
2023-03-19,1928
2023-03-20,2893
2023-03-21,3091
2023-03-22,890
2023-03-23,1898
2023-03-24,1448
2023-03-25,2111
2023-03-26,3537
2023-03-27,3344
2023-03-28,3493
2023-03-29,3077
2023-03-30,1888
2023-03-31,109
2023-04-01,1510
2023-04-02,863
2023-04-03,2476
2023-04-04,3189
2023-04-05,1240
2023-04-06,2242
2023-04-07,2652
2023-04-08,377
2023-04-09,1187
2023-04-10,96
2023-04-11,1645
2023-04-12,1202
2023-04-13,1673
2023-04-14,1375
2023-04-15,2694
2023-04-16,373
2023-04-17,1632
2023-04-18,1354
2023-04-19,4091
2023-04-20,3440
2023-04-21,4082
2023-04-22,2311
2023-04-23,1936
2023-04-24,1893
2023-04-25,1328
2023-04-26,375
2023-04-27,3765
2023-04-28,1633
2023-04-29,1414
2023-04-30,1075
2023-05-01,3913
2023-05-02,81
2023-05-03,2499
2023-05-04,2677
2023-05-05,401
2023-05-06,1253
2023-05-07,2853
2023-05-08,2641
2023-05-09,3397
2023-05-10,129
2023-05-11,4035
2023-05-12,1947
2023-05-13,3103
2023-05-14,3639
2023-05-15,617
2023-05-16,1810
2023-05-17,3647
2023-05-18,2619
2023-05-19,1587
2023-05-20,1366
2023-05-21,3069
2023-05-22,2399
2023-05-23,1814
2023-05-24,3382
2023-05-25,3431
2023-05-26,206
2023-05-27,1450
2023-05-28,713
2023-05-29,1347
2023-05-30,3129
2023-05-31,861
2023-06-01,1441
2023-06-02,326
2023-06-03,3011
2023-06-04,1493
2023-06-05,1761
2023-06-06,4042
2023-06-07,3838
2023-06-08,1326
2023-06-09,2761
2023-06-10,356
2023-06-11,1407
2023-06-12,411
2023-06-13,2028
2023-06-14,677
2023-06-15,2307
2023-06-16,285
2023-06-17,182
2023-06-18,2527
2023-06-19,3575
2023-06-20,1925
2023-06-21,953
2023-06-22,525
2023-06-23,3493
2023-06-24,2388
2023-06-25,1915
2023-06-26,2900
2023-06-27,848
2023-06-28,1919
2023-06-29,1133
2023-06-30,95
2023-07-01,2856
2023-07-02,1845
2023-07-03,1399
2023-07-04,1386
2023-07-05,2511
2023-07-06,26
2023-07-07,1078
2023-07-08,1102
2023-07-09,3110
2023-07-10,1025
2023-07-11,3242
2023-07-12,3033
2023-07-13,2765
2023-07-14,2213
2023-07-15,2318
2023-07-16,2933
2023-07-17,353
2023-07-18,443
2023-07-19,162
2023-07-20,1971
2023-07-21,160
2023-07-22,635
2023-07-23,3406
2023-07-24,1938
2023-07-25,2251
2023-07-26,489
2023-07-27,2901
2023-07-28,2759
2023-07-29,1991
2023-07-30,694
2023-07-31,2762
2023-08-01,865
2023-08-02,792
2023-08-03,2847
2023-08-04,1058
2023-08-05,57
2023-08-06,71
2023-08-07,2976
2023-08-08,2416
2023-08-09,570
2023-08-10,1382
2023-08-11,1021
2023-08-12,2929
2023-08-13,1614
2023-08-14,2229
2023-08-15,3372
2023-08-16,3337
2023-08-17,3280
2023-08-18,1005
2023-08-19,1790
2023-08-20,2552
2023-08-21,2129
2023-08-22,2996
2023-08-23,2401
2023-08-24,1504
2023-08-25,114
2023-08-26,406
2023-08-27,822
2023-08-28,495
2023-08-29,85
2023-08-30,1220
2023-08-31,2568
2023-09-01,2476
2023-09-02,595
2023-09-03,1214
2023-09-04,2986
2023-09-05,365
2023-09-06,1051
2023-09-07,2738
2023-09-08,3061
2023-09-09,2726
2023-09-10,2805
2023-09-11,217
2023-09-12,3370
2023-09-13,35
2023-09-14,585
2023-09-15,256
2023-09-16,792
2023-09-17,371
2023-09-18,2921
2023-09-19,1604
2023-09-20,3388
2023-09-21,3183
2023-09-22,1411
2023-09-23,97
2023-09-24,639
2023-09-25,1593
2023-09-26,2637
2023-09-27,2393
2023-09-28,2998
2023-09-29,1738
2023-09-30,2325
2023-10-01,3019
2023-10-02,2090
2023-10-03,2854
2023-10-04,1193
2023-10-05,2307
2023-10-06,141
2023-10-07,1832
2023-10-08,123
2023-10-09,2715
2023-10-10,1997
2023-10-11,2983
2023-10-12,2892
2023-10-13,2747
2023-10-14,537
2023-10-15,1017
2023-10-16,3102
2023-10-17,2820
2023-10-18,543
2023-10-19,241
2023-10-20,811
2023-10-21,680
2023-10-22,358
2023-10-23,1116
2023-10-24,3025
2023-10-25,2633
2023-10-26,1019
2023-10-27,1631
2023-10-28,813
2023-10-29,123
2023-10-30,1615
2023-10-31,887
2023-11-01,479
2023-11-02,1118
2023-11-03,2202
2023-11-04,3017
2023-11-05,2200
2023-11-06,1370
2023-11-07,1861
2023-11-08,2937
2023-11-09,2112
2023-11-10,1394
2023-11-11,1251
2023-11-12,1138
2023-11-13,1044
2023-11-14,36
2023-11-15,2844
2023-11-16,2215
2023-11-17,2806
2023-11-18,1883
2023-11-19,935
2023-11-20,1939
2023-11-21,2379
2023-11-22,2669
2023-11-23,1814
2023-11-24,1492
2023-11-25,1768
2023-11-26,1492
2023-11-27,499
2023-11-28,344
2023-11-29,12
2023-11-30,1732
2023-12-01,1024
2023-12-02,386
2023-12-03,1903
2023-12-04,2868
2023-12-05,2673
2023-12-06,2122
2023-12-07,404
2023-12-08,1233
2023-12-09,185
2023-12-10,203
2023-12-11,18
2023-12-12,760
2023-12-13,1509
2023-12-14,3057
2023-12-15,1538
2023-12-16,1146
2023-12-17,1476
2023-12-18,447
2023-12-19,833
2023-12-20,3017
2023-12-21,2904
2023-12-22,1814
2023-12-23,583
2023-12-24,1378
2023-12-25,1486
2023-12-26,1002
2023-12-27,913
2023-12-28,2019
2023-12-29,1830
2023-12-30,2098
2023-12-31,2539
2024-01-01,2155
2024-01-02,2843
2024-01-03,608
2024-01-04,1993
2024-01-05,2778
2024-01-06,2545
2024-01-07,176
2024-01-08,4
2024-01-09,1560
2024-01-10,480
2024-01-11,2153
2024-01-12,478
2024-01-13,1313
2024-01-14,117
2024-01-15,2858
2024-01-16,1682
2024-01-17,2155
2024-01-18,2457
2024-01-19,1675
2024-01-20,1235
2024-01-21,707
2024-01-22,1002
2024-01-23,1474
2024-01-24,2809
2024-01-25,132
2024-01-26,694
2024-01-27,2923
2024-01-28,2799
2024-01-29,662
2024-01-30,2474
2024-01-31,1400
2024-02-01,1702
2024-02-02,1419
2024-02-03,1581
2024-02-04,1686
2024-02-05,2067
2024-02-06,187
2024-02-07,646
2024-02-08,979
2024-02-09,1883
2024-02-10,2558
2024-02-11,2749
2024-02-12,271
2024-02-13,1277
2024-02-14,2877
2024-02-15,2354
2024-02-16,1053
2024-02-17,27
2024-02-18,707
2024-02-19,2029
2024-02-20,373
2024-02-21,2522
2024-02-22,568
2024-02-23,71
2024-02-24,2105
2024-02-25,2076
2024-02-26,1776
2024-02-27,1086
2024-02-28,2151
2024-02-29,2891
2024-03-01,1860
2024-03-02,1434
2024-03-03,2749
2024-03-04,2306
2024-03-05,839
2024-03-06,2162
2024-03-07,145
2024-03-08,2623
2024-03-09,2675
2024-03-10,136
2024-03-11,2468
2024-03-12,1795
2024-03-13,1250
2024-03-14,1132
2024-03-15,1266
2024-03-16,2220
2024-03-17,206
2024-03-18,266
2024-03-19,1034
2024-03-20,516
2024-03-21,2952
2024-03-22,2023
2024-03-23,65
2024-03-24,1669
2024-03-25,2097
2024-03-26,1533
2024-03-27,2614
2024-03-28,988
2024-03-29,2426
2024-03-30,747
2024-03-31,1514
2024-04-01,1165
2024-04-02,1831
2024-04-03,2866
2024-04-04,2136
2024-04-05,619
2024-04-06,392
2024-04-07,2060
2024-04-08,3437
2024-04-09,887
2024-04-10,1904
2024-04-11,1857
2024-04-12,794
2024-04-13,193
2024-04-14,1324
2024-04-15,1029
2024-04-16,2369
2024-04-17,136
2024-04-18,1094
2024-04-19,3270
2024-04-20,2848
2024-04-21,1220
2024-04-22,278
2024-04-23,1198
2024-04-24,77
2024-04-25,1085
2024-04-26,2864
2024-04-27,2282
2024-04-28,1541
2024-04-29,1248
2024-04-30,2972
2024-05-01,2030
2024-05-02,2748
2024-05-03,621
2024-05-04,2393
2024-05-05,530
2024-05-06,3179
2024-05-07,2909
2024-05-08,2562
2024-05-09,2751
2024-05-10,1518
2024-05-11,1985
2024-05-12,106
2024-05-13,3114
2024-05-14,1508
2024-05-15,1725
2024-05-16,1273
2024-05-17,2219
2024-05-18,1484
2024-05-19,721
2024-05-20,1165
2024-05-21,739
2024-05-22,2158
2024-05-23,53
2024-05-24,313
2024-05-25,2562
2024-05-26,3110
2024-05-27,1214
2024-05-28,2608
2024-05-29,2613
2024-05-30,1088
2024-05-31,2809
2024-06-01,256
2024-06-02,1279
2024-06-03,2818
2024-06-04,2720
2024-06-05,765
2024-06-06,1458
2024-06-07,846
2024-06-08,2578
2024-06-09,1407
2024-06-10,3280
2024-06-11,309
2024-06-12,1238
2024-06-13,3021
2024-06-14,2434
2024-06-15,2160
2024-06-16,2604
2024-06-17,1679
2024-06-18,1123
2024-06-19,2807
2024-06-20,248
2024-06-21,2241
2024-06-22,1466
2024-06-23,2947
2024-06-24,321
2024-06-25,55
2024-06-26,704
2024-06-27,3321
2024-06-28,2870
2024-06-29,273
2024-06-30,508
2024-07-01,108
2024-07-02,1805
2024-07-03,61
2024-07-04,2443
2024-07-05,337
2024-07-06,3114
2024-07-07,2875
2024-07-08,1629
2024-07-09,2057
2024-07-10,2680
2024-07-11,186
2024-07-12,2907
2024-07-13,2296
2024-07-14,2165
2024-07-15,826
2024-07-16,1155
2024-07-17,2663
2024-07-18,256
2024-07-19,642
2024-07-20,1996
2024-07-21,841
2024-07-22,1957
2024-07-23,1286
2024-07-24,2765
2024-07-25,1369
2024-07-26,2722
2024-07-27,337
2024-07-28,424
2024-07-29,1282
2024-07-30,2584
2024-07-31,295
2024-08-01,1625
2024-08-02,926
2024-08-03,2080
2024-08-04,1996
2024-08-05,2040
2024-08-06,2834
2024-08-07,1294
2024-08-08,1190
2024-08-09,2767
2024-08-10,3131
2024-08-11,1818
2024-08-12,860
2024-08-13,1843
2024-08-14,1184
2024-08-15,2934
2024-08-16,2157
2024-08-17,2574
2024-08-18,3067
2024-08-19,2309
2024-08-20,1496
2024-08-21,2699
2024-08-22,373
2024-08-23,275
2024-08-24,224
2024-08-25,2618
2024-08-26,629
2024-08-27,2949
2024-08-28,2116
2024-08-29,1053
2024-08-30,2004
2024-08-31,2510
2024-09-01,2873
2024-09-02,606
2024-09-03,1890
2024-09-04,2875
2024-09-05,2303
2024-09-06,1362
2024-09-07,1881
2024-09-08,2127
2024-09-09,1279
2024-09-10,2110
2024-09-11,2383
2024-09-12,2979
2024-09-13,1618
2024-09-14,964
2024-09-15,2385
2024-09-16,900
2024-09-17,259
2024-09-18,1390
2024-09-19,180
2024-09-20,3103
2024-09-21,1995
2024-09-22,1807
2024-09-23,1046
2024-09-24,1786
2024-09-25,2474
2024-09-26,273
2024-09-27,712
2024-09-28,21
