Date,Daily Revenue,Smoothed Revenue
2019-01-01,0.09,
2019-01-02,0.02,
2019-01-03,0.08,
2019-01-04,0.1,
2019-01-05,0.09,
2019-01-06,0.03,
2019-01-07,0.02,
2019-01-08,0.04,
2019-01-09,0.08,
2019-01-10,0.02,
2019-01-11,0.09,
2019-01-12,0.05,
2019-01-13,0.05,
2019-01-14,0.1,
2019-01-15,0.09,
2019-01-16,0.03,
2019-01-17,0.06,
2019-01-18,0.06,
2019-01-19,0.09,
2019-01-20,0.08,
2019-01-21,0.09,
2019-01-22,0.01,
2019-01-23,0.06,
2019-01-24,0.09,
2019-01-25,0.0,
2019-01-26,0.0,
2019-01-27,0.09,
2019-01-28,0.02,
2019-01-29,0.02,
2019-01-30,0.09,0.058
2019-01-31,0.06,0.057
2019-02-01,0.06,0.058333333333333334
2019-02-02,0.03,0.056666666666666664
2019-02-03,0.09,0.05633333333333333
2019-02-04,0.01,0.05366666666666667
2019-02-05,0.01,0.053000000000000005
2019-02-06,0.08,0.05500000000000001
2019-02-07,0.07,0.056
2019-02-08,0.06,0.05533333333333333
2019-02-09,0.03,0.05566666666666666
2019-02-10,0.01,0.053000000000000005
2019-02-11,0.01,0.051666666666666666
2019-02-12,0.06,0.052000000000000005
2019-02-13,0.02,0.04933333333333333
2019-02-14,0.04,0.04766666666666666
2019-02-15,0.08,0.04933333333333333
2019-02-16,0.1,0.050666666666666665
2019-02-17,0.06,0.050666666666666665
2019-02-18,0.06,0.049666666666666665
2019-02-19,0.02,0.04766666666666666
2019-02-20,0.06,0.04666666666666666
2019-02-21,0.06,0.04833333333333333
2019-02-22,0.09,0.04933333333333333
2019-02-23,0.0,0.04633333333333333
2019-02-24,0.03,0.04733333333333333
2019-02-25,0.07,0.049666666666666665
2019-02-26,0.06,0.048666666666666664
2019-02-27,0.09,0.051000000000000004
2019-02-28,0.09,0.05333333333333334
2019-03-01,0.08,0.053000000000000005
2019-03-02,0.05,0.05266666666666666
2019-03-03,0.02,0.051333333333333335
2019-03-04,0.04,0.051666666666666666
2019-03-05,0.06,0.050666666666666665
2019-03-06,0.02,0.051000000000000004
2019-03-07,0.01,0.051000000000000004
2019-03-08,0.07,0.050666666666666665
2019-03-09,0.0,0.04833333333333334
2019-03-10,0.05,0.048
2019-03-11,0.07,0.04933333333333333
2019-03-12,0.03,0.05
2019-03-13,0.04,0.051000000000000004
2019-03-14,0.02,0.049666666666666665
2019-03-15,0.03,0.05
2019-03-16,0.09,0.051666666666666666
2019-03-17,0.0,0.049
2019-03-18,0.02,0.04633333333333333
2019-03-19,0.03,0.04533333333333334
2019-03-20,0.01,0.043666666666666666
2019-03-21,0.02,0.043666666666666666
2019-03-22,0.09,0.04466666666666667
2019-03-23,0.07,0.045
2019-03-24,0.06,0.044000000000000004
2019-03-25,0.02,0.04466666666666667
2019-03-26,0.01,0.044000000000000004
2019-03-27,0.09,0.04466666666666667
2019-03-28,0.01,0.043000000000000003
2019-03-29,0.04,0.04133333333333333
2019-03-30,0.08,0.041
2019-03-31,0.07,0.04066666666666666
2019-04-01,0.01,0.03933333333333334
2019-04-02,0.03,0.03966666666666667
2019-04-03,0.07,0.04066666666666666
2019-04-04,0.01,0.039
2019-04-05,0.03,0.03933333333333333
2019-04-06,0.1,0.042333333333333334
2019-04-07,0.08,0.042666666666666665
2019-04-08,0.13,0.047
2019-04-09,0.11,0.04900000000000001
2019-04-10,0.05,0.04833333333333333
2019-04-11,0.04,0.048666666666666664
2019-04-12,0.12,0.051333333333333335
2019-04-13,0.11,0.05433333333333333
2019-04-14,0.12,0.05733333333333333
2019-04-15,0.13,0.058666666666666666
2019-04-16,0.03,0.059666666666666666
2019-04-17,0.12,0.063
2019-04-18,0.04,0.06333333333333332
2019-04-19,0.13,0.06733333333333333
2019-04-20,0.06,0.06866666666666667
2019-04-21,0.11,0.06933333333333333
2019-04-22,0.1,0.07033333333333333
2019-04-23,0.1,0.07166666666666667
2019-04-24,0.09,0.07400000000000001
2019-04-25,0.07,0.07600000000000001
2019-04-26,0.01,0.07333333333333332
2019-04-27,0.06,0.075
2019-04-28,0.08,0.07633333333333334
2019-04-29,0.11,0.07733333333333332
2019-04-30,0.07,0.07733333333333334
2019-05-01,0.03,0.078
2019-05-02,0.13,0.08133333333333334
2019-05-03,0.08,0.08166666666666665
2019-05-04,0.06,0.08333333333333333
2019-05-05,0.13,0.08666666666666666
2019-05-06,0.07,0.08566666666666668
2019-05-07,0.02,0.08366666666666668
2019-05-08,0.01,0.07966666666666665
2019-05-09,0.04,0.07733333333333332
2019-05-10,0.11,0.07933333333333333
2019-05-11,0.09,0.081
2019-05-12,0.02,0.07766666666666668
2019-05-13,0.02,0.07466666666666667
2019-05-14,0.07,0.073
2019-05-15,0.11,0.07233333333333333
2019-05-16,0.1,0.07466666666666666
2019-05-17,0.07,0.07300000000000001
2019-05-18,0.07,0.07400000000000001
2019-05-19,0.11,0.07333333333333332
2019-05-20,0.05,0.07300000000000001
2019-05-21,0.1,0.07266666666666666
2019-05-22,0.04,0.07066666666666667
2019-05-23,0.09,0.07033333333333334
2019-05-24,0.05,0.06899999999999999
2019-05-25,0.02,0.06733333333333333
2019-05-26,0.09,0.07
2019-05-27,0.05,0.06966666666666668
2019-05-28,0.03,0.068
2019-05-29,0.04,0.06566666666666666
2019-05-30,0.01,0.06366666666666666
2019-05-31,0.04,0.064
2019-06-01,0.09,0.06266666666666668
2019-06-02,0.11,0.06366666666666666
2019-06-03,0.12,0.06566666666666668
2019-06-04,0.04,0.06266666666666668
2019-06-05,0.11,0.064
2019-06-06,0.03,0.06433333333333333
2019-06-07,0.12,0.068
2019-06-08,0.08,0.06933333333333333
2019-06-09,0.12,0.06966666666666667
2019-06-10,0.05,0.06833333333333333
2019-06-11,0.06,0.06966666666666667
2019-06-12,0.08,0.07166666666666667
2019-06-13,0.07,0.07166666666666667
2019-06-14,0.09,0.07100000000000001
2019-06-15,0.12,0.07166666666666667
2019-06-16,0.07,0.07166666666666667
2019-06-17,0.07,0.07166666666666667
2019-06-18,0.06,0.07
2019-06-19,0.09,0.07133333333333332
2019-06-20,0.02,0.06866666666666667
2019-06-21,0.01,0.06766666666666668
2019-06-22,0.1,0.068
2019-06-23,0.03,0.06733333333333333
2019-06-24,0.02,0.06733333333333333
2019-06-25,0.04,0.06566666666666666
2019-06-26,0.11,0.06766666666666667
2019-06-27,0.0,0.06666666666666667
2019-06-28,0.1,0.06866666666666667
2019-06-29,0.05,0.06999999999999999
2019-06-30,0.06,0.07066666666666666
2019-07-01,0.0,0.06766666666666667
2019-07-02,0.11,0.06766666666666668
2019-07-03,0.07,0.066
2019-07-04,0.0,0.06466666666666666
2019-07-05,0.07,0.06333333333333334
2019-07-06,0.11,0.066
2019-07-07,0.04,0.06333333333333332
2019-07-08,0.06,0.06266666666666668
2019-07-09,0.13,0.063
2019-07-10,0.08,0.064
2019-07-11,0.15,0.067
2019-07-12,0.02,0.065
2019-07-13,0.1,0.066
2019-07-14,0.02,0.06366666666666668
2019-07-15,0.09,0.06266666666666668
2019-07-16,0.04,0.06166666666666666
2019-07-17,0.02,0.060000000000000005
2019-07-18,0.01,0.058333333333333334
2019-07-19,0.09,0.058333333333333334
2019-07-20,0.02,0.058333333333333334
2019-07-21,0.1,0.06133333333333334
2019-07-22,0.13,0.06233333333333334
2019-07-23,0.07,0.06366666666666668
2019-07-24,0.07,0.06533333333333333
2019-07-25,0.05,0.06566666666666666
2019-07-26,0.11,0.06566666666666666
2019-07-27,0.06,0.06766666666666668
2019-07-28,0.03,0.06533333333333333
2019-07-29,0.01,0.064
2019-07-30,0.06,0.064
2019-07-31,0.13,0.06833333333333333
2019-08-01,0.02,0.06533333333333334
2019-08-02,0.07,0.06533333333333333
2019-08-03,0.03,0.06633333333333333
2019-08-04,0.02,0.06466666666666666
2019-08-05,0.14,0.06566666666666668
2019-08-06,0.12,0.06833333333333334
2019-08-07,0.06,0.06833333333333333
2019-08-08,0.13,0.06833333333333334
2019-08-09,0.09,0.06866666666666667
2019-08-10,0.03,0.06466666666666668
2019-08-11,0.03,0.065
2019-08-12,0.11,0.06533333333333333
2019-08-13,0.09,0.06766666666666668
2019-08-14,0.04,0.066
2019-08-15,0.03,0.06566666666666668
2019-08-16,0.13,0.06933333333333333
2019-08-17,0.07,0.07133333333333332
2019-08-18,0.07,0.07066666666666667
2019-08-19,0.08,0.07266666666666667
2019-08-20,0.11,0.073
2019-08-21,0.08,0.07133333333333333
2019-08-22,0.08,0.07166666666666668
2019-08-23,0.03,0.07033333333333333
2019-08-24,0.07,0.071
2019-08-25,0.04,0.06866666666666667
2019-08-26,0.1,0.07
2019-08-27,0.12,0.07300000000000001
2019-08-28,0.03,0.07366666666666667
2019-08-29,0.14,0.07633333333333334
2019-08-30,0.05,0.07366666666666667
2019-08-31,0.08,0.07566666666666667
2019-09-01,0.07,0.07566666666666667
2019-09-02,0.1,0.078
2019-09-03,0.05,0.079
2019-09-04,0.06,0.07633333333333334
2019-09-05,0.05,0.07400000000000001
2019-09-06,0.08,0.07466666666666667
2019-09-07,0.0,0.07033333333333334
2019-09-08,0.09,0.07033333333333333
2019-09-09,0.0,0.06933333333333333
2019-09-10,0.03,0.06933333333333333
2019-09-11,0.03,0.06666666666666667
2019-09-12,0.07,0.066
2019-09-13,0.03,0.06566666666666666
2019-09-14,0.06,0.06666666666666667
2019-09-15,0.01,0.06266666666666668
2019-09-16,0.1,0.06366666666666668
2019-09-17,0.14,0.066
2019-09-18,0.07,0.06566666666666668
2019-09-19,0.02,0.06266666666666668
2019-09-20,0.03,0.061000000000000006
2019-09-21,0.07,0.06066666666666667
2019-09-22,0.07,0.062000000000000006
2019-09-23,0.1,0.063
2019-09-24,0.08,0.06433333333333334
2019-09-25,0.02,0.06166666666666666
2019-09-26,0.13,0.062000000000000006
2019-09-27,0.08,0.06366666666666668
2019-09-28,0.12,0.063
2019-09-29,0.11,0.065
2019-09-30,0.13,0.06666666666666667
2019-10-01,0.07,0.06666666666666667
2019-10-02,0.07,0.06566666666666668
2019-10-03,0.07,0.06633333333333333
2019-10-04,0.13,0.06866666666666667
2019-10-05,0.04,0.06833333333333334
2019-10-06,0.13,0.07
2019-10-07,0.14,0.07466666666666667
2019-10-08,0.05,0.07333333333333333
2019-10-09,0.02,0.07400000000000001
2019-10-10,0.04,0.07433333333333333
2019-10-11,0.08,0.07600000000000001
2019-10-12,0.0,0.07366666666666667
2019-10-13,0.08,0.07533333333333334
2019-10-14,0.16,0.07866666666666668
2019-10-15,0.09,0.08133333333333333
2019-10-16,0.05,0.07966666666666668
2019-10-17,0.12,0.079
2019-10-18,0.02,0.07733333333333334
2019-10-19,0.01,0.077
2019-10-20,0.0,0.076
2019-10-21,0.04,0.075
2019-10-22,0.14,0.07733333333333332
2019-10-23,0.03,0.075
2019-10-24,0.07,0.07466666666666667
2019-10-25,0.15,0.079
2019-10-26,0.06,0.07666666666666667
2019-10-27,0.05,0.07566666666666667
2019-10-28,0.1,0.075
2019-10-29,0.06,0.07333333333333333
2019-10-30,0.16,0.07433333333333333
2019-10-31,0.0,0.07200000000000001
2019-11-01,0.16,0.075
2019-11-02,0.1,0.076
2019-11-03,0.08,0.07433333333333333
2019-11-04,0.02,0.07366666666666667
2019-11-05,0.12,0.07333333333333333
2019-11-06,0.03,0.06966666666666667
2019-11-07,0.01,0.06833333333333334
2019-11-08,0.05,0.06933333333333333
2019-11-09,0.14,0.07266666666666667
2019-11-10,0.03,0.071
2019-11-11,0.05,0.07266666666666667
2019-11-12,0.1,0.07333333333333333
2019-11-13,0.05,0.06966666666666667
2019-11-14,0.09,0.06966666666666667
2019-11-15,0.15,0.073
2019-11-16,0.01,0.06933333333333333
2019-11-17,0.14,0.07333333333333333
2019-11-18,0.02,0.07366666666666669
2019-11-19,0.0,0.07366666666666669
2019-11-20,0.1,0.07566666666666667
2019-11-21,0.13,0.07533333333333334
2019-11-22,0.0,0.07433333333333335
2019-11-23,0.08,0.07466666666666667
2019-11-24,0.08,0.07233333333333333
2019-11-25,0.11,0.07400000000000001
2019-11-26,0.14,0.07700000000000001
2019-11-27,0.03,0.07466666666666667
2019-11-28,0.15,0.07766666666666668
2019-11-29,0.13,0.07666666666666666
2019-11-30,0.16,0.082
2019-12-01,0.02,0.07733333333333334
2019-12-02,0.0,0.07400000000000001
2019-12-03,0.04,0.07266666666666667
2019-12-04,0.05,0.07366666666666667
2019-12-05,0.04,0.071
2019-12-06,0.03,0.07100000000000001
2019-12-07,0.07,0.073
2019-12-08,0.09,0.07433333333333333
2019-12-09,0.09,0.07266666666666667
2019-12-10,0.05,0.07333333333333333
2019-12-11,0.16,0.077
2019-12-12,0.13,0.078
2019-12-13,0.14,0.081
2019-12-14,0.14,0.08266666666666668
2019-12-15,0.06,0.07966666666666668
2019-12-16,0.1,0.08266666666666667
2019-12-17,0.12,0.082
2019-12-18,0.14,0.08600000000000001
2019-12-19,0.09,0.089
2019-12-20,0.1,0.08900000000000001
2019-12-21,0.12,0.08866666666666667
2019-12-22,0.07,0.091
2019-12-23,0.01,0.08866666666666666
2019-12-24,0.08,0.08866666666666667
2019-12-25,0.15,0.09
2019-12-26,0.09,0.08833333333333333
2019-12-27,0.05,0.089
2019-12-28,0.16,0.08933333333333333
2019-12-29,0.15,0.09000000000000001
2019-12-30,0.05,0.08633333333333333
2019-12-31,0.08,0.08833333333333333
2020-01-01,0.11,0.09200000000000001
2020-01-02,0.03,0.09166666666666666
2020-01-03,0.01,0.09033333333333335
2020-01-04,0.0,0.08900000000000001
2020-01-05,0.04,0.08933333333333332
2020-01-06,0.02,0.08766666666666666
2020-01-07,0.11,0.08833333333333335
2020-01-08,0.03,0.08633333333333333
2020-01-09,0.07,0.08700000000000001
2020-01-10,0.05,0.08333333333333333
2020-01-11,0.09,0.082
2020-01-12,0.02,0.078
2020-01-13,0.12,0.07733333333333334
2020-01-14,0.02,0.07600000000000001
2020-01-15,0.13,0.077
2020-01-16,0.08,0.07566666666666667
2020-01-17,0.02,0.07166666666666667
2020-01-18,0.05,0.07033333333333333
2020-01-19,0.13,0.07133333333333333
2020-01-20,0.13,0.07166666666666667
2020-01-21,0.04,0.07066666666666667
2020-01-22,0.07,0.07266666666666667
2020-01-23,0.05,0.07166666666666668
2020-01-24,0.13,0.07100000000000001
2020-01-25,0.09,0.071
2020-01-26,0.13,0.07366666666666667
2020-01-27,0.03,0.06933333333333333
2020-01-28,0.0,0.06433333333333334
2020-01-29,0.06,0.06466666666666666
2020-01-30,0.06,0.064
2020-01-31,0.04,0.06166666666666667
2020-02-01,0.1,0.064
2020-02-02,0.09,0.06666666666666667
2020-02-03,0.07,0.069
2020-02-04,0.02,0.06833333333333334
2020-02-05,0.12,0.07166666666666667
2020-02-06,0.01,0.06833333333333334
2020-02-07,0.09,0.07033333333333333
2020-02-08,0.08,0.07066666666666667
2020-02-09,0.09,0.07200000000000001
2020-02-10,0.07,0.07133333333333333
2020-02-11,0.05,0.07233333333333333
2020-02-12,0.1,0.07166666666666668
2020-02-13,0.03,0.07200000000000001
2020-02-14,0.03,0.06866666666666667
2020-02-15,0.09,0.069
2020-02-16,0.1,0.07166666666666667
2020-02-17,0.0,0.07
2020-02-18,0.12,0.06966666666666668
2020-02-19,0.01,0.06566666666666666
2020-02-20,0.11,0.068
2020-02-21,0.09,0.06866666666666667
2020-02-22,0.11,0.07066666666666666
2020-02-23,0.09,0.06933333333333333
2020-02-24,0.05,0.068
2020-02-25,0.01,0.064
2020-02-26,0.05,0.06466666666666666
2020-02-27,0.0,0.06466666666666666
2020-02-28,0.01,0.063
2020-02-29,0.02,0.06166666666666667
2020-03-01,0.07,0.06266666666666668
2020-03-02,0.03,0.060333333333333336
2020-03-03,0.08,0.060000000000000005
2020-03-04,0.06,0.059666666666666666
2020-03-05,0.06,0.061000000000000006
2020-03-06,0.12,0.06099999999999999
2020-03-07,0.11,0.06433333333333333
2020-03-08,0.11,0.065
2020-03-09,0.04,0.06366666666666666
2020-03-10,0.09,0.06366666666666668
2020-03-11,0.12,0.06533333333333333
2020-03-12,0.02,0.06433333333333333
2020-03-13,0.1,0.06433333333333333
2020-03-14,0.11,0.06699999999999999
2020-03-15,0.06,0.068
2020-03-16,0.01,0.06533333333333333
2020-03-17,0.12,0.066
2020-03-18,0.08,0.06866666666666667
2020-03-19,0.02,0.06533333333333333
2020-03-20,0.12,0.06899999999999999
2020-03-21,0.1,0.06866666666666667
2020-03-22,0.01,0.066
2020-03-23,0.07,0.06466666666666666
2020-03-24,0.06,0.06366666666666668
2020-03-25,0.13,0.06633333333333333
2020-03-26,0.08,0.06866666666666667
2020-03-27,0.01,0.06733333333333331
2020-03-28,0.13,0.07166666666666667
2020-03-29,0.08,0.07400000000000001
2020-03-30,0.01,0.07366666666666667
2020-03-31,0.1,0.07466666666666667
2020-04-01,0.15,0.07866666666666666
2020-04-02,0.03,0.07699999999999999
2020-04-03,0.07,0.07733333333333334
2020-04-04,0.03,0.07633333333333334
2020-04-05,0.09,0.07533333333333334
2020-04-06,0.04,0.073
2020-04-07,0.04,0.07066666666666666
2020-04-08,0.07,0.07166666666666667
2020-04-09,0.05,0.07033333333333333
2020-04-10,0.09,0.06933333333333333
2020-04-11,0.05,0.07033333333333333
2020-04-12,0.01,0.06733333333333333
2020-04-13,0.06,0.06566666666666668
2020-04-14,0.1,0.067
2020-04-15,0.0,0.06666666666666667
2020-04-16,0.13,0.06699999999999999
2020-04-17,0.02,0.065
2020-04-18,0.07,0.06666666666666667
2020-04-19,0.04,0.064
2020-04-20,0.03,0.06166666666666667
2020-04-21,0.1,0.06466666666666668
2020-04-22,0.08,0.065
2020-04-23,0.14,0.06766666666666667
2020-04-24,0.03,0.06433333333333334
2020-04-25,0.08,0.06433333333333333
2020-04-26,0.06,0.066
2020-04-27,0.09,0.06466666666666668
2020-04-28,0.01,0.06233333333333334
2020-04-29,0.04,0.06333333333333332
2020-04-30,0.04,0.06133333333333333
2020-05-01,0.15,0.06133333333333334
2020-05-02,0.08,0.063
2020-05-03,0.07,0.063
2020-05-04,0.06,0.064
2020-05-05,0.1,0.06433333333333334
2020-05-06,0.05,0.06466666666666666
2020-05-07,0.04,0.06466666666666666
2020-05-08,0.1,0.06566666666666666
2020-05-09,0.04,0.06533333333333334
2020-05-10,0.01,0.06266666666666668
2020-05-11,0.04,0.06233333333333334
2020-05-12,0.05,0.06366666666666666
2020-05-13,0.08,0.06433333333333333
2020-05-14,0.01,0.06133333333333334
2020-05-15,0.03,0.06233333333333334
2020-05-16,0.15,0.063
2020-05-17,0.13,0.06666666666666667
2020-05-18,0.1,0.06766666666666668
2020-05-19,0.08,0.069
2020-05-20,0.05,0.06966666666666667
2020-05-21,0.12,0.07033333333333333
2020-05-22,0.02,0.06833333333333333
2020-05-23,0.05,0.06533333333333333
2020-05-24,0.04,0.06566666666666666
2020-05-25,0.01,0.06333333333333334
2020-05-26,0.13,0.06566666666666666
2020-05-27,0.02,0.06333333333333332
2020-05-28,0.1,0.06633333333333333
2020-05-29,0.04,0.06633333333333334
2020-05-30,0.01,0.06533333333333334
2020-05-31,0.12,0.06433333333333333
2020-06-01,0.13,0.066
2020-06-02,0.08,0.06633333333333333
2020-06-03,0.12,0.06833333333333333
2020-06-04,0.03,0.066
2020-06-05,0.12,0.06833333333333334
2020-06-06,0.03,0.068
2020-06-07,0.01,0.065
2020-06-08,0.02,0.06433333333333333
2020-06-09,0.08,0.06666666666666667
2020-06-10,0.12,0.06933333333333333
2020-06-11,0.04,0.069
2020-06-12,0.08,0.06899999999999999
2020-06-13,0.03,0.06966666666666668
2020-06-14,0.06,0.07066666666666667
2020-06-15,0.15,0.07066666666666667
2020-06-16,0.02,0.06699999999999999
2020-06-17,0.08,0.06633333333333333
2020-06-18,0.01,0.064
2020-06-19,0.08,0.065
2020-06-20,0.04,0.06233333333333334
2020-06-21,0.03,0.06266666666666668
2020-06-22,0.13,0.06533333333333333
2020-06-23,0.13,0.06833333333333333
2020-06-24,0.13,0.07233333333333335
2020-06-25,0.0,0.068
2020-06-26,0.09,0.07033333333333333
2020-06-27,0.13,0.07133333333333333
2020-06-28,0.08,0.07266666666666667
2020-06-29,0.02,0.073
2020-06-30,0.14,0.07366666666666667
2020-07-01,0.0,0.06933333333333333
2020-07-02,0.18,0.07266666666666666
2020-07-03,0.03,0.06966666666666668
2020-07-04,0.04,0.07
2020-07-05,0.15,0.071
2020-07-06,0.11,0.07366666666666667
2020-07-07,0.03,0.07433333333333333
2020-07-08,0.1,0.077
2020-07-09,0.16,0.07966666666666668
2020-07-10,0.12,0.07966666666666665
2020-07-11,0.03,0.07933333333333333
2020-07-12,0.02,0.07733333333333334
2020-07-13,0.04,0.07766666666666668
2020-07-14,0.13,0.08
2020-07-15,0.02,0.07566666666666667
2020-07-16,0.05,0.07666666666666666
2020-07-17,0.03,0.075
2020-07-18,0.05,0.07633333333333334
2020-07-19,0.03,0.07466666666666667
2020-07-20,0.15,0.07833333333333334
2020-07-21,0.12,0.08133333333333334
2020-07-22,0.03,0.078
2020-07-23,0.03,0.07466666666666666
2020-07-24,0.16,0.07566666666666667
2020-07-25,0.12,0.07966666666666668
2020-07-26,0.1,0.08000000000000002
2020-07-27,0.08,0.07833333333333332
2020-07-28,0.14,0.08033333333333333
2020-07-29,0.18,0.08566666666666668
2020-07-30,0.17,0.08666666666666667
2020-07-31,0.1,0.09000000000000001
2020-08-01,0.1,0.08733333333333333
2020-08-02,0.05,0.08800000000000001
2020-08-03,0.05,0.08833333333333335
2020-08-04,0.15,0.08833333333333335
2020-08-05,0.13,0.089
2020-08-06,0.04,0.08933333333333333
2020-08-07,0.18,0.092
2020-08-08,0.14,0.09133333333333332
2020-08-09,0.08,0.09000000000000001
2020-08-10,0.1,0.09233333333333334
2020-08-11,0.04,0.093
2020-08-12,0.11,0.09533333333333333
2020-08-13,0.13,0.09533333333333333
2020-08-14,0.14,0.09933333333333333
2020-08-15,0.15,0.10266666666666667
2020-08-16,0.1,0.105
2020-08-17,0.01,0.10366666666666667
2020-08-18,0.06,0.10466666666666666
2020-08-19,0.17,0.10533333333333333
2020-08-20,0.15,0.10633333333333334
2020-08-21,0.13,0.10966666666666666
2020-08-22,0.12,0.11266666666666668
2020-08-23,0.11,0.111
2020-08-24,0.14,0.11166666666666666
2020-08-25,0.18,0.11433333333333333
2020-08-26,0.18,0.11766666666666667
2020-08-27,0.15,0.11800000000000001
2020-08-28,0.17,0.11766666666666667
2020-08-29,0.04,0.11333333333333333
2020-08-30,0.09,0.113
2020-08-31,0.11,0.11333333333333333
2020-09-01,0.1,0.115
2020-09-02,0.06,0.11533333333333334
2020-09-03,0.17,0.116
2020-09-04,0.11,0.11533333333333333
2020-09-05,0.04,0.11533333333333333
2020-09-06,0.02,0.11000000000000001
2020-09-07,0.13,0.10966666666666666
2020-09-08,0.13,0.11133333333333334
2020-09-09,0.03,0.109
2020-09-10,0.04,0.109
2020-09-11,0.06,0.10733333333333334
2020-09-12,0.08,0.10566666666666667
2020-09-13,0.15,0.10600000000000001
2020-09-14,0.04,0.10233333333333335
2020-09-15,0.02,0.09966666666666667
2020-09-16,0.08,0.10200000000000001
2020-09-17,0.03,0.101
2020-09-18,0.11,0.09899999999999999
2020-09-19,0.06,0.096
2020-09-20,0.13,0.096
2020-09-21,0.0,0.092
2020-09-22,0.09,0.09133333333333334
2020-09-23,0.18,0.09266666666666666
2020-09-24,0.09,0.08966666666666666
2020-09-25,0.12,0.08766666666666666
2020-09-26,0.15,0.08766666666666668
2020-09-27,0.1,0.08533333333333332
2020-09-28,0.02,0.08466666666666667
2020-09-29,0.1,0.08499999999999999
2020-09-30,0.16,0.08666666666666667
2020-10-01,0.04,0.08466666666666667
2020-10-02,0.15,0.08766666666666666
2020-10-03,0.19,0.08833333333333333
2020-10-04,0.02,0.08533333333333333
2020-10-05,0.0,0.084
2020-10-06,0.03,0.08433333333333334
2020-10-07,0.02,0.08066666666666666
2020-10-08,0.24,0.08433333333333333
2020-10-09,0.25,0.09166666666666666
2020-10-10,0.09,0.09333333333333332
2020-10-11,0.24,0.09933333333333333
2020-10-12,0.09,0.09966666666666665
2020-10-13,0.17,0.10033333333333333
2020-10-14,0.01,0.09933333333333333
2020-10-15,0.19,0.105
2020-10-16,0.09,0.10533333333333332
2020-10-17,0.11,0.10800000000000001
2020-10-18,0.07,0.10666666666666667
2020-10-19,0.16,0.11000000000000001
2020-10-20,0.21,0.11266666666666668
2020-10-21,0.03,0.11366666666666667
2020-10-22,0.16,0.116
2020-10-23,0.17,0.11566666666666667
2020-10-24,0.12,0.11666666666666667
2020-10-25,0.12,0.11666666666666667
2020-10-26,0.05,0.11333333333333333
2020-10-27,0.1,0.11333333333333334
2020-10-28,0.2,0.11933333333333333
2020-10-29,0.05,0.11766666666666667
2020-10-30,0.09,0.11533333333333333
2020-10-31,0.04,0.11533333333333333
2020-11-01,0.06,0.11233333333333334
2020-11-02,0.1,0.10933333333333334
2020-11-03,0.24,0.11666666666666667
2020-11-04,0.0,0.11666666666666667
2020-11-05,0.12,0.11966666666666666
2020-11-06,0.1,0.12233333333333335
2020-11-07,0.04,0.11566666666666667
2020-11-08,0.18,0.11333333333333333
2020-11-09,0.11,0.11400000000000002
2020-11-10,0.12,0.11
2020-11-11,0.06,0.109
2020-11-12,0.15,0.10833333333333334
2020-11-13,0.12,0.112
2020-11-14,0.07,0.10800000000000001
2020-11-15,0.0,0.10500000000000001
2020-11-16,0.03,0.10233333333333333
2020-11-17,0.21,0.107
2020-11-18,0.07,0.104
2020-11-19,0.23,0.10466666666666666
2020-11-20,0.11,0.10733333333333334
2020-11-21,0.25,0.11033333333333334
2020-11-22,0.13,0.109
2020-11-23,0.0,0.105
2020-11-24,0.22,0.10833333333333335
2020-11-25,0.02,0.10733333333333334
2020-11-26,0.16,0.10933333333333332
2020-11-27,0.04,0.10400000000000001
2020-11-28,0.17,0.108
2020-11-29,0.11,0.10866666666666668
2020-11-30,0.1,0.11066666666666666
2020-12-01,0.21,0.11566666666666665
2020-12-02,0.06,0.11433333333333333
2020-12-03,0.03,0.10733333333333334
2020-12-04,0.24,0.11533333333333333
2020-12-05,0.01,0.11166666666666666
2020-12-06,0.13,0.11266666666666666
2020-12-07,0.12,0.11533333333333333
2020-12-08,0.18,0.11533333333333333
2020-12-09,0.09,0.11466666666666667
2020-12-10,0.09,0.11366666666666667
2020-12-11,0.19,0.11800000000000001
2020-12-12,0.2,0.11966666666666667
2020-12-13,0.06,0.11766666666666667
2020-12-14,0.07,0.11766666666666666
2020-12-15,0.09,0.12066666666666667
2020-12-16,0.05,0.12133333333333333
2020-12-17,0.03,0.11533333333333333
2020-12-18,0.21,0.12000000000000001
2020-12-19,0.18,0.11833333333333335
2020-12-20,0.09,0.11766666666666666
2020-12-21,0.11,0.11299999999999999
2020-12-22,0.1,0.112
2020-12-23,0.09,0.115
2020-12-24,0.02,0.10833333333333334
2020-12-25,0.25,0.116
2020-12-26,0.24,0.11866666666666667
2020-12-27,0.19,0.12366666666666666
2020-12-28,0.1,0.12133333333333333
2020-12-29,0.04,0.119
2020-12-30,0.25,0.12400000000000001
2020-12-31,0.2,0.12366666666666666
2021-01-01,0.01,0.12200000000000001
2021-01-02,0.0,0.121
2021-01-03,0.0,0.113
2021-01-04,0.18,0.11866666666666667
2021-01-05,0.17,0.12000000000000001
2021-01-06,0.02,0.11666666666666667
2021-01-07,0.0,0.11066666666666668
2021-01-08,0.19,0.114
2021-01-09,0.07,0.11333333333333333
2021-01-10,0.05,0.10866666666666668
2021-01-11,0.09,0.105
2021-01-12,0.09,0.106
2021-01-13,0.17,0.10933333333333334
2021-01-14,0.11,0.11000000000000001
2021-01-15,0.0,0.10833333333333334
2021-01-16,0.03,0.10833333333333334
2021-01-17,0.04,0.10266666666666667
2021-01-18,0.01,0.097
2021-01-19,0.14,0.09866666666666667
2021-01-20,0.06,0.097
2021-01-21,0.06,0.09566666666666666
2021-01-22,0.12,0.09666666666666666
2021-01-23,0.1,0.09933333333333333
2021-01-24,0.21,0.098
2021-01-25,0.18,0.096
2021-01-26,0.06,0.09166666666666666
2021-01-27,0.01,0.08866666666666667
2021-01-28,0.2,0.094
2021-01-29,0.11,0.08933333333333333
2021-01-30,0.21,0.08966666666666666
2021-01-31,0.0,0.08933333333333333
2021-02-01,0.06,0.09133333333333334
2021-02-02,0.19,0.09766666666666667
2021-02-03,0.01,0.092
2021-02-04,0.08,0.089
2021-02-05,0.16,0.09366666666666666
2021-02-06,0.2,0.10033333333333333
2021-02-07,0.23,0.10166666666666666
2021-02-08,0.01,0.09966666666666667
2021-02-09,0.13,0.10233333333333333
2021-02-10,0.22,0.10666666666666667
2021-02-11,0.15,0.10866666666666668
2021-02-12,0.16,0.10833333333333334
2021-02-13,0.21,0.11166666666666666
2021-02-14,0.21,0.11866666666666667
2021-02-15,0.22,0.125
2021-02-16,0.13,0.128
2021-02-17,0.24,0.13566666666666669
2021-02-18,0.15,0.136
2021-02-19,0.09,0.13699999999999998
2021-02-20,0.08,0.13766666666666666
2021-02-21,0.22,0.14100000000000001
2021-02-22,0.16,0.143
2021-02-23,0.08,0.13866666666666666
2021-02-24,0.08,0.13533333333333336
2021-02-25,0.14,0.13799999999999998
2021-02-26,0.18,0.14366666666666666
2021-02-27,0.07,0.13933333333333334
2021-02-28,0.16,0.14100000000000001
2021-03-01,0.08,0.1366666666666667
2021-03-02,0.11,0.14033333333333334
2021-03-03,0.14,0.143
2021-03-04,0.03,0.1376666666666667
2021-03-05,0.17,0.143
2021-03-06,0.13,0.14466666666666667
2021-03-07,0.15,0.14433333333333334
2021-03-08,0.01,0.138
2021-03-09,0.19,0.1366666666666667
2021-03-10,0.18,0.14233333333333334
2021-03-11,0.13,0.1423333333333333
2021-03-12,0.1,0.13833333333333334
2021-03-13,0.22,0.1406666666666667
2021-03-14,0.13,0.1396666666666667
2021-03-15,0.18,0.13866666666666666
2021-03-16,0.19,0.13799999999999998
2021-03-17,0.1,0.134
2021-03-18,0.02,0.13033333333333333
2021-03-19,0.03,0.12333333333333334
2021-03-20,0.03,0.11933333333333333
2021-03-21,0.14,0.121
2021-03-22,0.24,0.12633333333333333
2021-03-23,0.22,0.12633333333333333
2021-03-24,0.15,0.126
2021-03-25,0.01,0.12366666666666666
2021-03-26,0.01,0.12133333333333333
2021-03-27,0.15,0.12166666666666666
2021-03-28,0.02,0.11633333333333333
2021-03-29,0.13,0.11833333333333335
2021-03-30,0.09,0.116
2021-03-31,0.14,0.11800000000000001
2021-04-01,0.07,0.11666666666666667
2021-04-02,0.14,0.11666666666666667
2021-04-03,0.04,0.117
2021-04-04,0.18,0.11733333333333333
2021-04-05,0.23,0.12066666666666666
2021-04-06,0.22,0.123
2021-04-07,0.11,0.12633333333333333
2021-04-08,0.13,0.12433333333333335
2021-04-09,0.08,0.121
2021-04-10,0.05,0.11833333333333335
2021-04-11,0.25,0.12333333333333334
2021-04-12,0.15,0.121
2021-04-13,0.01,0.11699999999999999
2021-04-14,0.01,0.11133333333333334
2021-04-15,0.25,0.11333333333333333
2021-04-16,0.22,0.11733333333333333
2021-04-17,0.08,0.11933333333333333
2021-04-18,0.21,0.12533333333333332
2021-04-19,0.21,0.13133333333333333
2021-04-20,0.02,0.12733333333333333
2021-04-21,0.24,0.12733333333333335
2021-04-22,0.06,0.12200000000000001
2021-04-23,0.14,0.12166666666666667
2021-04-24,0.01,0.12166666666666666
2021-04-25,0.11,0.125
2021-04-26,0.15,0.125
2021-04-27,0.24,0.13233333333333333
2021-04-28,0.23,0.13566666666666669
2021-04-29,0.2,0.13933333333333334
2021-04-30,0.26,0.14333333333333337
2021-05-01,0.19,0.14733333333333334
2021-05-02,0.27,0.1516666666666667
2021-05-03,0.07,0.15266666666666667
2021-05-04,0.05,0.14833333333333334
2021-05-05,0.02,0.14133333333333334
2021-05-06,0.26,0.14266666666666666
2021-05-07,0.17,0.14466666666666667
2021-05-08,0.04,0.14166666666666666
2021-05-09,0.08,0.14166666666666666
2021-05-10,0.15,0.14500000000000002
2021-05-11,0.01,0.137
2021-05-12,0.07,0.13433333333333333
2021-05-13,0.27,0.143
2021-05-14,0.24,0.15066666666666667
2021-05-15,0.03,0.14333333333333337
2021-05-16,0.11,0.13966666666666666
2021-05-17,0.14,0.14166666666666666
2021-05-18,0.26,0.14333333333333334
2021-05-19,0.21,0.14333333333333334
2021-05-20,0.15,0.1476666666666667
2021-05-21,0.11,0.14333333333333334
2021-05-22,0.05,0.143
2021-05-23,0.12,0.1423333333333333
2021-05-24,0.12,0.146
2021-05-25,0.19,0.14866666666666667
2021-05-26,0.02,0.14433333333333334
2021-05-27,0.25,0.14466666666666667
2021-05-28,0.25,0.14533333333333331
2021-05-29,0.17,0.14433333333333334
2021-05-30,0.03,0.13666666666666666
2021-05-31,0.19,0.1366666666666667
2021-06-01,0.08,0.13033333333333333
2021-06-02,0.09,0.13099999999999998
2021-06-03,0.06,0.13133333333333333
2021-06-04,0.22,0.13799999999999998
2021-06-05,0.04,0.13066666666666668
2021-06-06,0.15,0.13
2021-06-07,0.1,0.132
2021-06-08,0.2,0.136
2021-06-09,0.08,0.13366666666666666
2021-06-10,0.24,0.14133333333333334
2021-06-11,0.02,0.13966666666666666
2021-06-12,0.08,0.13333333333333333
2021-06-13,0.1,0.12866666666666665
2021-06-14,0.21,0.13466666666666666
2021-06-15,0.17,0.13666666666666666
2021-06-16,0.01,0.13233333333333333
2021-06-17,0.03,0.12466666666666668
2021-06-18,0.05,0.11933333333333333
2021-06-19,0.02,0.115
2021-06-20,0.1,0.11466666666666667
2021-06-21,0.22,0.12033333333333333
2021-06-22,0.16,0.12166666666666666
2021-06-23,0.03,0.11866666666666667
2021-06-24,0.24,0.12033333333333333
2021-06-25,0.12,0.12366666666666666
2021-06-26,0.22,0.12266666666666666
2021-06-27,0.06,0.11633333333333333
2021-06-28,0.1,0.114
2021-06-29,0.09,0.116
2021-06-30,0.11,0.11333333333333333
2021-07-01,0.18,0.11666666666666667
2021-07-02,0.28,0.12300000000000001
2021-07-03,0.22,0.12833333333333333
2021-07-04,0.24,0.129
2021-07-05,0.07,0.13
2021-07-06,0.08,0.12766666666666668
2021-07-07,0.3,0.13433333333333333
2021-07-08,0.11,0.13133333333333336
2021-07-09,0.04,0.13
2021-07-10,0.01,0.12233333333333334
2021-07-11,0.27,0.13066666666666665
2021-07-12,0.15,0.13299999999999998
2021-07-13,0.02,0.13033333333333333
2021-07-14,0.08,0.126
2021-07-15,0.02,0.121
2021-07-16,0.12,0.12466666666666668
2021-07-17,0.08,0.12633333333333333
2021-07-18,0.31,0.13499999999999998
2021-07-19,0.11,0.138
2021-07-20,0.3,0.14466666666666667
2021-07-21,0.17,0.143
2021-07-22,0.13,0.142
2021-07-23,0.1,0.14433333333333334
2021-07-24,0.28,0.14566666666666667
2021-07-25,0.29,0.15133333333333335
2021-07-26,0.19,0.15033333333333332
2021-07-27,0.25,0.15666666666666668
2021-07-28,0.27,0.16233333333333333
2021-07-29,0.05,0.161
2021-07-30,0.29,0.16699999999999998
2021-07-31,0.1,0.16433333333333333
2021-08-01,0.05,0.15666666666666668
2021-08-02,0.12,0.15333333333333332
2021-08-03,0.13,0.14966666666666667
2021-08-04,0.08,0.15
2021-08-05,0.08,0.15
2021-08-06,0.31,0.15033333333333332
2021-08-07,0.02,0.14733333333333334
2021-08-08,0.09,0.149
2021-08-09,0.27,0.15766666666666668
2021-08-10,0.16,0.154
2021-08-11,0.21,0.156
2021-08-12,0.14,0.16
2021-08-13,0.1,0.16066666666666668
2021-08-14,0.12,0.164
2021-08-15,0.05,0.16166666666666665
2021-08-16,0.2,0.16566666666666666
2021-08-17,0.17,0.161
2021-08-18,0.32,0.168
2021-08-19,0.14,0.16266666666666665
2021-08-20,0.0,0.157
2021-08-21,0.08,0.15533333333333335
2021-08-22,0.12,0.156
2021-08-23,0.3,0.15666666666666668
2021-08-24,0.0,0.147
2021-08-25,0.18,0.14666666666666667
2021-08-26,0.25,0.14666666666666667
2021-08-27,0.27,0.14666666666666667
2021-08-28,0.27,0.154
2021-08-29,0.1,0.1476666666666667
2021-08-30,0.21,0.15133333333333335
2021-08-31,0.29,0.15933333333333335
2021-09-01,0.04,0.15666666666666668
2021-09-02,0.21,0.15933333333333335
2021-09-03,0.07,0.159
2021-09-04,0.0,0.15633333333333335
2021-09-05,0.05,0.1476666666666667
2021-09-06,0.13,0.15133333333333335
2021-09-07,0.01,0.14866666666666667
2021-09-08,0.04,0.141
2021-09-09,0.08,0.13833333333333334
2021-09-10,0.06,0.13333333333333333
2021-09-11,0.12,0.13266666666666668
2021-09-12,0.11,0.133
2021-09-13,0.01,0.12933333333333336
2021-09-14,0.24,0.13566666666666669
2021-09-15,0.03,0.13
2021-09-16,0.22,0.13166666666666668
2021-09-17,0.26,0.12966666666666665
2021-09-18,0.06,0.127
2021-09-19,0.14,0.13166666666666665
2021-09-20,0.29,0.13866666666666666
2021-09-21,0.21,0.14166666666666666
2021-09-22,0.32,0.14233333333333334
2021-09-23,0.22,0.14966666666666667
2021-09-24,0.01,0.144
2021-09-25,0.16,0.141
2021-09-26,0.3,0.142
2021-09-27,0.02,0.13366666666666666
2021-09-28,0.3,0.14033333333333334
2021-09-29,0.01,0.13366666666666666
2021-09-30,0.02,0.12466666666666666
2021-10-01,0.31,0.13366666666666666
2021-10-02,0.28,0.136
2021-10-03,0.21,0.14066666666666666
2021-10-04,0.09,0.14366666666666666
2021-10-05,0.03,0.143
2021-10-06,0.02,0.13933333333333334
2021-10-07,0.32,0.14966666666666667
2021-10-08,0.11,0.15200000000000002
2021-10-09,0.13,0.15366666666666667
2021-10-10,0.31,0.162
2021-10-11,0.17,0.16366666666666668
2021-10-12,0.16,0.16533333333333333
2021-10-13,0.09,0.168
2021-10-14,0.19,0.16633333333333333
2021-10-15,0.05,0.16699999999999998
2021-10-16,0.08,0.16233333333333333
2021-10-17,0.38,0.16633333333333333
2021-10-18,0.28,0.17366666666666666
2021-10-19,0.22,0.17633333333333334
2021-10-20,0.09,0.16966666666666666
2021-10-21,0.01,0.16299999999999998
2021-10-22,0.29,0.16199999999999998
2021-10-23,0.03,0.15566666666666668
2021-10-24,0.23,0.163
2021-10-25,0.32,0.16833333333333333
2021-10-26,0.11,0.162
2021-10-27,0.22,0.16866666666666666
2021-10-28,0.21,0.16566666666666666
2021-10-29,0.33,0.17633333333333334
2021-10-30,0.35,0.18733333333333332
2021-10-31,0.31,0.18733333333333332
2021-11-01,0.29,0.18766666666666668
2021-11-02,0.12,0.18466666666666667
2021-11-03,0.38,0.19433333333333333
2021-11-04,0.35,0.205
2021-11-05,0.03,0.20533333333333334
2021-11-06,0.11,0.19833333333333333
2021-11-07,0.25,0.20299999999999999
2021-11-08,0.31,0.209
2021-11-09,0.21,0.20566666666666666
2021-11-10,0.16,0.20533333333333334
2021-11-11,0.15,0.20500000000000002
2021-11-12,0.31,0.21233333333333335
2021-11-13,0.04,0.20733333333333331
2021-11-14,0.17,0.21133333333333332
2021-11-15,0.38,0.22133333333333333
2021-11-16,0.32,0.21933333333333332
2021-11-17,0.28,0.21933333333333332
2021-11-18,0.13,0.21633333333333335
2021-11-19,0.32,0.22400000000000003
2021-11-20,0.32,0.23433333333333334
2021-11-21,0.28,0.234
2021-11-22,0.0,0.233
2021-11-23,0.13,0.22966666666666666
2021-11-24,0.14,0.2236666666666667
2021-11-25,0.03,0.221
2021-11-26,0.05,0.21533333333333332
2021-11-27,0.21,0.21533333333333332
2021-11-28,0.39,0.21733333333333335
2021-11-29,0.23,0.21333333333333332
2021-11-30,0.38,0.2156666666666667
2021-12-01,0.16,0.21133333333333332
2021-12-02,0.14,0.21200000000000002
2021-12-03,0.05,0.201
2021-12-04,0.15,0.19433333333333333
2021-12-05,0.17,0.199
2021-12-06,0.08,0.198
2021-12-07,0.27,0.19866666666666666
2021-12-08,0.12,0.19233333333333336
2021-12-09,0.17,0.191
2021-12-10,0.28,0.195
2021-12-11,0.0,0.19
2021-12-12,0.04,0.18100000000000002
2021-12-13,0.04,0.18100000000000002
2021-12-14,0.38,0.18800000000000003
2021-12-15,0.19,0.18166666666666667
2021-12-16,0.19,0.17733333333333334
2021-12-17,0.17,0.17366666666666666
2021-12-18,0.21,0.17633333333333334
2021-12-19,0.09,0.16866666666666666
2021-12-20,0.21,0.165
2021-12-21,0.29,0.16533333333333333
2021-12-22,0.37,0.17766666666666667
2021-12-23,0.0,0.17333333333333334
2021-12-24,0.17,0.17433333333333334
2021-12-25,0.21,0.18033333333333335
2021-12-26,0.02,0.17933333333333337
2021-12-27,0.23,0.18000000000000002
2021-12-28,0.35,0.17866666666666667
2021-12-29,0.22,0.17833333333333334
2021-12-30,0.31,0.17600000000000002
2021-12-31,0.39,0.1836666666666667
2022-01-01,0.43,0.19333333333333333
2022-01-02,0.1,0.19499999999999998
2022-01-03,0.05,0.19166666666666668
2022-01-04,0.11,0.18966666666666665
2022-01-05,0.04,0.18833333333333332
2022-01-06,0.3,0.18933333333333333
2022-01-07,0.29,0.19499999999999998
2022-01-08,0.16,0.19466666666666665
2022-01-09,0.27,0.19433333333333333
2022-01-10,0.25,0.20266666666666666
2022-01-11,0.21,0.20833333333333334
2022-01-12,0.35,0.21866666666666665
2022-01-13,0.4,0.21933333333333332
2022-01-14,0.0,0.21300000000000002
2022-01-15,0.32,0.21733333333333332
2022-01-16,0.05,0.21333333333333335
2022-01-17,0.38,0.219
2022-01-18,0.02,0.21666666666666667
2022-01-19,0.17,0.21533333333333332
2022-01-20,0.36,0.21766666666666667
2022-01-21,0.26,0.214
2022-01-22,0.23,0.22166666666666668
2022-01-23,0.32,0.22666666666666666
2022-01-24,0.0,0.21966666666666665
2022-01-25,0.17,0.22466666666666665
2022-01-26,0.15,0.222
2022-01-27,0.13,0.21466666666666664
2022-01-28,0.41,0.221
2022-01-29,0.4,0.22400000000000003
2022-01-30,0.08,0.21366666666666664
2022-01-31,0.06,0.20133333333333334
2022-02-01,0.38,0.21066666666666667
2022-02-02,0.34,0.22033333333333333
2022-02-03,0.13,0.221
2022-02-04,0.23,0.22733333333333333
2022-02-05,0.24,0.22533333333333336
2022-02-06,0.31,0.226
2022-02-07,0.0,0.22066666666666668
2022-02-08,0.29,0.22133333333333333
2022-02-09,0.07,0.21533333333333332
2022-02-10,0.11,0.212
2022-02-11,0.02,0.201
2022-02-12,0.03,0.18866666666666665
2022-02-13,0.23,0.19633333333333333
2022-02-14,0.21,0.19266666666666668
2022-02-15,0.23,0.19866666666666666
2022-02-16,0.14,0.19066666666666665
2022-02-17,0.24,0.198
2022-02-18,0.15,0.19733333333333333
2022-02-19,0.29,0.19499999999999998
2022-02-20,0.19,0.19266666666666668
2022-02-21,0.41,0.19866666666666666
2022-02-22,0.08,0.19066666666666668
2022-02-23,0.07,0.193
2022-02-24,0.06,0.18933333333333335
2022-02-25,0.15,0.18933333333333333
2022-02-26,0.22,0.19233333333333336
2022-02-27,0.25,0.187
2022-02-28,0.35,0.18533333333333335
2022-03-01,0.11,0.18633333333333335
2022-03-02,0.25,0.19266666666666665
2022-03-03,0.37,0.19233333333333333
2022-03-04,0.32,0.19166666666666668
2022-03-05,0.2,0.194
2022-03-06,0.39,0.1993333333333333
2022-03-07,0.09,0.1943333333333333
2022-03-08,0.0,0.184
2022-03-09,0.01,0.18433333333333335
2022-03-10,0.1,0.178
2022-03-11,0.17,0.18133333333333332
2022-03-12,0.22,0.185
2022-03-13,0.09,0.18733333333333332
2022-03-14,0.25,0.19466666666666668
2022-03-15,0.42,0.201
2022-03-16,0.3,0.20400000000000001
2022-03-17,0.16,0.20166666666666666
2022-03-18,0.04,0.19833333333333333
2022-03-19,0.22,0.19766666666666666
2022-03-20,0.14,0.19733333333333333
2022-03-21,0.27,0.19666666666666668
2022-03-22,0.09,0.19333333333333333
2022-03-23,0.02,0.18033333333333332
2022-03-24,0.38,0.1903333333333333
2022-03-25,0.3,0.198
2022-03-26,0.13,0.20033333333333334
2022-03-27,0.4,0.20866666666666667
2022-03-28,0.26,0.21
2022-03-29,0.43,0.216
2022-03-30,0.31,0.21466666666666664
2022-03-31,0.32,0.22166666666666665
2022-04-01,0.11,0.21700000000000003
2022-04-02,0.17,0.21033333333333334
2022-04-03,0.01,0.2
2022-04-04,0.25,0.20166666666666666
2022-04-05,0.14,0.19333333333333336
2022-04-06,0.28,0.1996666666666667
2022-04-07,0.22,0.20700000000000002
2022-04-08,0.01,0.207
2022-04-09,0.15,0.20866666666666667
2022-04-10,0.31,0.21333333333333335
2022-04-11,0.04,0.20733333333333334
2022-04-12,0.09,0.20733333333333331
2022-04-13,0.18,0.205
2022-04-14,0.06,0.193
2022-04-15,0.08,0.18566666666666667
2022-04-16,0.22,0.18766666666666668
2022-04-17,0.2,0.193
2022-04-18,0.33,0.19666666666666668
2022-04-19,0.06,0.194
2022-04-20,0.01,0.18533333333333332
2022-04-21,0.04,0.18366666666666667
2022-04-22,0.09,0.186
2022-04-23,0.34,0.18466666666666667
2022-04-24,0.37,0.18699999999999997
2022-04-25,0.23,0.19033333333333333
2022-04-26,0.37,0.18933333333333335
2022-04-27,0.19,0.18699999999999997
2022-04-28,0.05,0.17433333333333334
2022-04-29,0.17,0.1696666666666667
2022-04-30,0.04,0.16033333333333336
2022-05-01,0.32,0.1673333333333333
2022-05-02,0.33,0.17266666666666666
2022-05-03,0.0,0.17233333333333334
2022-05-04,0.1,0.16733333333333336
2022-05-05,0.08,0.16533333333333336
2022-05-06,0.3,0.166
2022-05-07,0.28,0.168
2022-05-08,0.16,0.173
2022-05-09,0.08,0.17066666666666666
2022-05-10,0.07,0.16266666666666665
2022-05-11,0.27,0.1703333333333333
2022-05-12,0.06,0.16933333333333334
2022-05-13,0.07,0.16566666666666668
2022-05-14,0.2,0.1703333333333333
2022-05-15,0.34,0.179
2022-05-16,0.16,0.177
2022-05-17,0.08,0.173
2022-05-18,0.34,0.17333333333333334
2022-05-19,0.04,0.1726666666666667
2022-05-20,0.3,0.18233333333333335
2022-05-21,0.22,0.18833333333333335
2022-05-22,0.34,0.19666666666666668
2022-05-23,0.35,0.197
2022-05-24,0.28,0.194
2022-05-25,0.24,0.19433333333333333
2022-05-26,0.16,0.18733333333333332
2022-05-27,0.06,0.183
2022-05-28,0.37,0.19366666666666665
2022-05-29,0.11,0.19166666666666668
2022-05-30,0.26,0.19899999999999998
2022-05-31,0.27,0.19733333333333333
2022-06-01,0.31,0.19666666666666668
2022-06-02,0.16,0.202
2022-06-03,0.2,0.20533333333333334
2022-06-04,0.28,0.212
2022-06-05,0.06,0.20400000000000001
2022-06-06,0.07,0.197
2022-06-07,0.32,0.20233333333333334
2022-06-08,0.17,0.20533333333333334
2022-06-09,0.31,0.21333333333333335
2022-06-10,0.0,0.20433333333333337
2022-06-11,0.26,0.211
2022-06-12,0.1,0.212
2022-06-13,0.09,0.20833333333333337
2022-06-14,0.31,0.20733333333333331
2022-06-15,0.31,0.21233333333333335
2022-06-16,0.11,0.21333333333333335
2022-06-17,0.25,0.21033333333333332
2022-06-18,0.21,0.216
2022-06-19,0.24,0.214
2022-06-20,0.13,0.211
2022-06-21,0.28,0.20900000000000002
2022-06-22,0.02,0.19799999999999998
2022-06-23,0.03,0.18966666666666668
2022-06-24,0.28,0.191
2022-06-25,0.3,0.19566666666666668
2022-06-26,0.08,0.19633333333333336
2022-06-27,0.11,0.18766666666666668
2022-06-28,0.25,0.19233333333333333
2022-06-29,0.36,0.19566666666666668
2022-06-30,0.2,0.19333333333333333
2022-07-01,0.43,0.19733333333333333
2022-07-02,0.11,0.19566666666666668
2022-07-03,0.36,0.20099999999999998
2022-07-04,0.31,0.202
2022-07-05,0.01,0.20033333333333334
2022-07-06,0.23,0.20566666666666666
2022-07-07,0.02,0.19566666666666668
2022-07-08,0.19,0.19633333333333336
2022-07-09,0.43,0.20033333333333334
2022-07-10,0.27,0.20933333333333332
2022-07-11,0.37,0.213
2022-07-12,0.4,0.223
2022-07-13,0.3,0.22999999999999998
2022-07-14,0.11,0.22333333333333333
2022-07-15,0.04,0.21433333333333335
2022-07-16,0.11,0.21433333333333332
2022-07-17,0.28,0.21533333333333332
2022-07-18,0.02,0.20900000000000002
2022-07-19,0.4,0.21433333333333332
2022-07-20,0.22,0.21733333333333335
2022-07-21,0.24,0.216
2022-07-22,0.28,0.22466666666666668
2022-07-23,0.37,0.23600000000000002
2022-07-24,0.35,0.2383333333333333
2022-07-25,0.0,0.22833333333333333
2022-07-26,0.36,0.23766666666666666
2022-07-27,0.31,0.24433333333333335
2022-07-28,0.24,0.24400000000000002
2022-07-29,0.21,0.239
2022-07-30,0.02,0.233
2022-07-31,0.2,0.22533333333333333
2022-08-01,0.06,0.22366666666666665
2022-08-02,0.01,0.21200000000000002
2022-08-03,0.16,0.207
2022-08-04,0.26,0.21533333333333332
2022-08-05,0.21,0.21466666666666664
2022-08-06,0.27,0.223
2022-08-07,0.14,0.22133333333333333
2022-08-08,0.31,0.21733333333333335
2022-08-09,0.2,0.21499999999999997
2022-08-10,0.07,0.20500000000000002
2022-08-11,0.36,0.2036666666666667
2022-08-12,0.34,0.20500000000000002
2022-08-13,0.38,0.214
2022-08-14,0.32,0.22333333333333333
2022-08-15,0.31,0.23
2022-08-16,0.37,0.233
2022-08-17,0.24,0.24033333333333334
2022-08-18,0.19,0.23333333333333334
2022-08-19,0.13,0.2303333333333333
2022-08-20,0.38,0.23500000000000001
2022-08-21,0.21,0.2326666666666667
2022-08-22,0.32,0.23099999999999998
2022-08-23,0.19,0.22566666666666668
2022-08-24,0.25,0.234
2022-08-25,0.01,0.22233333333333333
2022-08-26,0.28,0.22133333333333335
2022-08-27,0.42,0.22733333333333333
2022-08-28,0.22,0.22766666666666666
2022-08-29,0.18,0.23299999999999998
2022-08-30,0.38,0.239
2022-08-31,0.09,0.24000000000000002
2022-09-01,0.43,0.254
2022-09-02,0.11,0.25233333333333335
2022-09-03,0.29,0.25333333333333335
2022-09-04,0.16,0.2516666666666667
2022-09-05,0.14,0.24733333333333332
2022-09-06,0.12,0.24666666666666667
2022-09-07,0.21,0.24333333333333332
2022-09-08,0.18,0.24266666666666667
2022-09-09,0.15,0.24533333333333335
2022-09-10,0.43,0.24766666666666665
2022-09-11,0.43,0.25066666666666665
2022-09-12,0.07,0.24033333333333334
2022-09-13,0.0,0.22966666666666666
2022-09-14,0.38,0.232
2022-09-15,0.38,0.23233333333333334
2022-09-16,0.02,0.225
2022-09-17,0.18,0.22466666666666668
2022-09-18,0.35,0.232
2022-09-19,0.25,0.22766666666666663
2022-09-20,0.07,0.22299999999999998
2022-09-21,0.38,0.225
2022-09-22,0.37,0.23099999999999998
2022-09-23,0.31,0.233
2022-09-24,0.33,0.24366666666666664
2022-09-25,0.43,0.24866666666666667
2022-09-26,0.06,0.23666666666666666
2022-09-27,0.28,0.23866666666666667
2022-09-28,0.19,0.239
2022-09-29,0.09,0.22933333333333333
2022-09-30,0.47,0.242
2022-10-01,0.15,0.23266666666666666
2022-10-02,0.06,0.23099999999999998
2022-10-03,0.27,0.2303333333333333
2022-10-04,0.16,0.2303333333333333
2022-10-05,0.49,0.242
2022-10-06,0.49,0.25433333333333336
2022-10-07,0.27,0.2563333333333333
2022-10-08,0.11,0.254
2022-10-09,0.39,0.26199999999999996
2022-10-10,0.17,0.2533333333333333
2022-10-11,0.17,0.24466666666666667
2022-10-12,0.29,0.252
2022-10-13,0.14,0.25666666666666665
2022-10-14,0.29,0.25366666666666665
2022-10-15,0.21,0.24800000000000003
2022-10-16,0.03,0.24833333333333332
2022-10-17,0.03,0.24333333333333332
2022-10-18,0.34,0.243
2022-10-19,0.53,0.25233333333333335
2022-10-20,0.19,0.25633333333333336
2022-10-21,0.12,0.24766666666666667
2022-10-22,0.34,0.24666666666666667
2022-10-23,0.52,0.25366666666666665
2022-10-24,0.25,0.251
2022-10-25,0.15,0.24166666666666667
2022-10-26,0.29,0.24933333333333335
2022-10-27,0.46,0.25533333333333336
2022-10-28,0.38,0.26166666666666666
2022-10-29,0.01,0.259
2022-10-30,0.18,0.24933333333333335
2022-10-31,0.02,0.24500000000000002
2022-11-01,0.49,0.25933333333333336
2022-11-02,0.21,0.25733333333333336
2022-11-03,0.26,0.26066666666666666
2022-11-04,0.43,0.25866666666666666
2022-11-05,0.22,0.24966666666666668
2022-11-06,0.38,0.25333333333333335
2022-11-07,0.06,0.25166666666666665
2022-11-08,0.41,0.25233333333333335
2022-11-09,0.22,0.254
2022-11-10,0.43,0.2626666666666667
2022-11-11,0.14,0.25766666666666665
2022-11-12,0.16,0.25833333333333336
2022-11-13,0.22,0.256
2022-11-14,0.08,0.25166666666666665
2022-11-15,0.41,0.26433333333333336
2022-11-16,0.5,0.28
2022-11-17,0.47,0.2843333333333334
2022-11-18,0.46,0.282
2022-11-19,0.06,0.2776666666666667
2022-11-20,0.1,0.277
2022-11-21,0.43,0.28
2022-11-22,0.33,0.27366666666666667
2022-11-23,0.09,0.26833333333333337
2022-11-24,0.41,0.277
2022-11-25,0.43,0.2816666666666667
2022-11-26,0.44,0.28099999999999997
2022-11-27,0.34,0.2796666666666667
2022-11-28,0.52,0.29666666666666663
2022-11-29,0.1,0.294
2022-11-30,0.46,0.30866666666666664
2022-12-01,0.07,0.2946666666666667
2022-12-02,0.39,0.3006666666666667
2022-12-03,0.05,0.2936666666666667
2022-12-04,0.24,0.28733333333333333
2022-12-05,0.07,0.2823333333333334
2022-12-06,0.33,0.2806666666666667
2022-12-07,0.02,0.2793333333333333
2022-12-08,0.41,0.2793333333333334
2022-12-09,0.31,0.28233333333333327
2022-12-10,0.0,0.26799999999999996
2022-12-11,0.46,0.2786666666666667
2022-12-12,0.32,0.284
2022-12-13,0.51,0.29366666666666663
2022-12-14,0.45,0.306
2022-12-15,0.31,0.3026666666666667
2022-12-16,0.44,0.3006666666666667
2022-12-17,0.19,0.29133333333333333
2022-12-18,0.05,0.2776666666666667
2022-12-19,0.01,0.276
2022-12-20,0.08,0.2753333333333333
2022-12-21,0.02,0.26166666666666666
2022-12-22,0.46,0.266
2022-12-23,0.48,0.279
2022-12-24,0.03,0.26633333333333337
2022-12-25,0.11,0.25566666666666665
2022-12-26,0.15,0.246
2022-12-27,0.47,0.25033333333333335
2022-12-28,0.23,0.24066666666666667
2022-12-29,0.38,0.25
2022-12-30,0.06,0.2366666666666667
2022-12-31,0.27,0.24333333333333332
2023-01-01,0.29,0.24000000000000002
2023-01-02,0.24,0.24633333333333332
2023-01-03,0.31,0.24866666666666667
2023-01-04,0.33,0.2573333333333333
2023-01-05,0.25,0.25466666666666665
2023-01-06,0.44,0.26866666666666666
2023-01-07,0.42,0.269
2023-01-08,0.11,0.26233333333333336
2023-01-09,0.21,0.2693333333333333
2023-01-10,0.16,0.2593333333333333
2023-01-11,0.11,0.25233333333333335
2023-01-12,0.27,0.24433333333333335
2023-01-13,0.04,0.2306666666666667
2023-01-14,0.27,0.22933333333333333
2023-01-15,0.39,0.22766666666666666
2023-01-16,0.01,0.22166666666666668
2023-01-17,0.25,0.22833333333333336
2023-01-18,0.35,0.23966666666666667
2023-01-19,0.08,0.23966666666666667
2023-01-20,0.23,0.24666666666666665
2023-01-21,0.43,0.24566666666666667
2023-01-22,0.27,0.23866666666666667
2023-01-23,0.23,0.24533333333333335
2023-01-24,0.36,0.25366666666666665
2023-01-25,0.04,0.25
2023-01-26,0.45,0.24933333333333332
2023-01-27,0.41,0.25533333333333336
2023-01-28,0.07,0.24500000000000002
2023-01-29,0.4,0.2563333333333333
2023-01-30,0.32,0.258
2023-01-31,0.11,0.252
2023-02-01,0.21,0.251
2023-02-02,0.46,0.256
2023-02-03,0.2,0.2516666666666667
2023-02-04,0.31,0.25366666666666665
2023-02-05,0.22,0.24633333333333332
2023-02-06,0.24,0.24033333333333334
2023-02-07,0.44,0.2513333333333333
2023-02-08,0.46,0.25966666666666666
2023-02-09,0.37,0.26666666666666666
2023-02-10,0.05,0.26466666666666666
2023-02-11,0.08,0.25833333333333336
2023-02-12,0.06,0.259
2023-02-13,0.37,0.26233333333333336
2023-02-14,0.42,0.26333333333333336
2023-02-15,0.31,0.2733333333333333
2023-02-16,0.15,0.26999999999999996
2023-02-17,0.07,0.26066666666666666
2023-02-18,0.43,0.2723333333333333
2023-02-19,0.17,0.27033333333333337
2023-02-20,0.43,0.2703333333333333
2023-02-21,0.02,0.262
2023-02-22,0.08,0.257
2023-02-23,0.45,0.26
2023-02-24,0.05,0.26033333333333336
2023-02-25,0.25,0.25366666666666665
2023-02-26,0.31,0.25033333333333335
2023-02-27,0.17,0.25366666666666665
2023-02-28,0.41,0.254
2023-03-01,0.07,0.24566666666666667
2023-03-02,0.44,0.25666666666666665
2023-03-03,0.42,0.26366666666666666
2023-03-04,0.12,0.2523333333333333
2023-03-05,0.34,0.25699999999999995
2023-03-06,0.28,0.256
2023-03-07,0.1,0.252
2023-03-08,0.19,0.25033333333333335
2023-03-09,0.13,0.24000000000000002
2023-03-10,0.42,0.23866666666666664
2023-03-11,0.18,0.23233333333333336
2023-03-12,0.35,0.24233333333333332
2023-03-13,0.23,0.24733333333333332
2023-03-14,0.04,0.24666666666666667
2023-03-15,0.3,0.24433333333333335
2023-03-16,0.22,0.23766666666666666
2023-03-17,0.44,0.24200000000000002
2023-03-18,0.48,0.253
2023-03-19,0.23,0.25833333333333336
2023-03-20,0.39,0.257
2023-03-21,0.32,0.262
2023-03-22,0.17,0.25333333333333335
2023-03-23,0.42,0.26666666666666666
2023-03-24,0.12,0.26799999999999996
2023-03-25,0.47,0.2686666666666666
2023-03-26,0.37,0.2793333333333334
2023-03-27,0.07,0.2733333333333334
2023-03-28,0.23,0.2706666666666667
2023-03-29,0.06,0.267
2023-03-30,0.42,0.2673333333333333
2023-03-31,0.44,0.2796666666666667
2023-04-01,0.25,0.2733333333333334
2023-04-02,0.06,0.26133333333333336
2023-04-03,0.29,0.267
2023-04-04,0.2,0.26233333333333336
2023-04-05,0.23,0.26066666666666666
2023-04-06,0.44,0.272
2023-04-07,0.11,0.2693333333333333
2023-04-08,0.43,0.2793333333333334
2023-04-09,0.36,0.2773333333333333
2023-04-10,0.19,0.2776666666666667
2023-04-11,0.51,0.28300000000000003
2023-04-12,0.19,0.2816666666666666
2023-04-13,0.32,0.29100000000000004
2023-04-14,0.02,0.2816666666666666
2023-04-15,0.36,0.28633333333333333
2023-04-16,0.07,0.27399999999999997
2023-04-17,0.47,0.27366666666666667
2023-04-18,0.22,0.2733333333333333
2023-04-19,0.16,0.26566666666666666
2023-04-20,0.01,0.25533333333333336
2023-04-21,0.06,0.25166666666666665
2023-04-22,0.28,0.247
2023-04-23,0.48,0.259
2023-04-24,0.02,0.24400000000000002
2023-04-25,0.49,0.24799999999999997
2023-04-26,0.32,0.2563333333333333
2023-04-27,0.27,0.25766666666666665
2023-04-28,0.2,0.2623333333333333
2023-04-29,0.47,0.264
2023-04-30,0.38,0.262
2023-05-01,0.33,0.26466666666666666
2023-05-02,0.18,0.26866666666666666
2023-05-03,0.18,0.26499999999999996
2023-05-04,0.22,0.26566666666666666
2023-05-05,0.25,0.26633333333333337
2023-05-06,0.48,0.2676666666666667
2023-05-07,0.5,0.2806666666666667
2023-05-08,0.5,0.28300000000000003
2023-05-09,0.2,0.2776666666666667
2023-05-10,0.32,0.282
2023-05-11,0.27,0.274
2023-05-12,0.46,0.28300000000000003
2023-05-13,0.02,0.27299999999999996
2023-05-14,0.25,0.2806666666666667
2023-05-15,0.51,0.2856666666666667
2023-05-16,0.04,0.2846666666666667
2023-05-17,0.11,0.27266666666666667
2023-05-18,0.42,0.2793333333333334
2023-05-19,0.41,0.2876666666666667
2023-05-20,0.46,0.3026666666666667
2023-05-21,0.17,0.3063333333333333
2023-05-22,0.06,0.29900000000000004
2023-05-23,0.4,0.29633333333333334
2023-05-24,0.22,0.303
2023-05-25,0.24,0.2946666666666667
2023-05-26,0.5,0.30066666666666664
2023-05-27,0.24,0.2996666666666667
2023-05-28,0.35,0.30466666666666664
2023-05-29,0.02,0.2896666666666667
2023-05-30,0.01,0.2773333333333333
2023-05-31,0.44,0.28099999999999997
2023-06-01,0.33,0.286
2023-06-02,0.48,0.29600000000000004
2023-06-03,0.31,0.299
2023-06-04,0.12,0.2946666666666667
2023-06-05,0.06,0.2806666666666667
2023-06-06,0.14,0.26866666666666666
2023-06-07,0.28,0.2613333333333333
2023-06-08,0.32,0.2653333333333333
2023-06-09,0.27,0.26366666666666666
2023-06-10,0.04,0.256
2023-06-11,0.45,0.25566666666666665
2023-06-12,0.26,0.26366666666666666
2023-06-13,0.42,0.2693333333333333
2023-06-14,0.51,0.2693333333333333
2023-06-15,0.11,0.27166666666666667
2023-06-16,0.11,0.27166666666666667
2023-06-17,0.13,0.26199999999999996
2023-06-18,0.21,0.25533333333333336
2023-06-19,0.18,0.246
2023-06-20,0.45,0.2553333333333333
2023-06-21,0.28,0.26266666666666666
2023-06-22,0.43,0.26366666666666666
2023-06-23,0.26,0.265
2023-06-24,0.48,0.27299999999999996
2023-06-25,0.44,0.27099999999999996
2023-06-26,0.16,0.26833333333333337
2023-06-27,0.2,0.2633333333333333
2023-06-28,0.08,0.2653333333333333
2023-06-29,0.38,0.2776666666666667
2023-06-30,0.24,0.271
2023-07-01,0.44,0.27466666666666667
2023-07-02,0.31,0.269
2023-07-03,0.15,0.26366666666666666
2023-07-04,0.47,0.2753333333333333
2023-07-05,0.2,0.27999999999999997
2023-07-06,0.12,0.2793333333333334
2023-07-07,0.1,0.2733333333333333
2023-07-08,0.38,0.2753333333333333
2023-07-09,0.48,0.28233333333333327
2023-07-10,0.14,0.2856666666666667
2023-07-11,0.49,0.287
2023-07-12,0.41,0.292
2023-07-13,0.28,0.28733333333333333
2023-07-14,0.07,0.27266666666666667
2023-07-15,0.14,0.27366666666666667
2023-07-16,0.29,0.2796666666666666
2023-07-17,0.25,0.2836666666666667
2023-07-18,0.26,0.28533333333333327
2023-07-19,0.47,0.295
2023-07-20,0.15,0.28500000000000003
2023-07-21,0.13,0.27999999999999997
2023-07-22,0.38,0.2783333333333333
2023-07-23,0.1,0.27299999999999996
2023-07-24,0.33,0.268
2023-07-25,0.45,0.26833333333333337
2023-07-26,0.48,0.27899999999999997
2023-07-27,0.4,0.2856666666666667
2023-07-28,0.25,0.29133333333333333
2023-07-29,0.06,0.2806666666666667
2023-07-30,0.12,0.2766666666666666
2023-07-31,0.01,0.26233333333333336
2023-08-01,0.36,0.264
2023-08-02,0.29,0.26866666666666666
2023-08-03,0.01,0.25333333333333335
2023-08-04,0.4,0.26
2023-08-05,0.42,0.26999999999999996
2023-08-06,0.36,0.2786666666666667
2023-08-07,0.23,0.27366666666666667
2023-08-08,0.25,0.26599999999999996
2023-08-09,0.2,0.268
2023-08-10,0.21,0.25866666666666666
2023-08-11,0.36,0.257
2023-08-12,0.26,0.2563333333333333
2023-08-13,0.06,0.256
2023-08-14,0.43,0.26566666666666666
2023-08-15,0.09,0.259
2023-08-16,0.44,0.2653333333333333
2023-08-17,0.15,0.26166666666666666
2023-08-18,0.03,0.247
2023-08-19,0.33,0.253
2023-08-20,0.01,0.249
2023-08-21,0.33,0.24733333333333332
2023-08-22,0.43,0.25833333333333336
2023-08-23,0.47,0.263
2023-08-24,0.21,0.255
2023-08-25,0.3,0.249
2023-08-26,0.06,0.23766666666666666
2023-08-27,0.23,0.23700000000000002
2023-08-28,0.02,0.23566666666666664
2023-08-29,0.33,0.24266666666666664
2023-08-30,0.1,0.24566666666666667
2023-08-31,0.39,0.24666666666666667
2023-09-01,0.48,0.253
2023-09-02,0.29,0.2623333333333333
2023-09-03,0.0,0.249
2023-09-04,0.47,0.2506666666666667
2023-09-05,0.14,0.24333333333333332
2023-09-06,0.46,0.251
2023-09-07,0.16,0.24800000000000003
2023-09-08,0.49,0.25766666666666665
2023-09-09,0.08,0.25333333333333335
2023-09-10,0.45,0.2563333333333333
2023-09-11,0.1,0.251
2023-09-12,0.38,0.26166666666666666
2023-09-13,0.09,0.25033333333333335
2023-09-14,0.09,0.25033333333333335
2023-09-15,0.41,0.24933333333333332
2023-09-16,0.16,0.24966666666666668
2023-09-17,0.22,0.256
2023-09-18,0.06,0.247
2023-09-19,0.41,0.26033333333333336
2023-09-20,0.07,0.25166666666666665
2023-09-21,0.16,0.24266666666666667
2023-09-22,0.31,0.2373333333333333
2023-09-23,0.31,0.24066666666666667
2023-09-24,0.3,0.24066666666666667
2023-09-25,0.15,0.24366666666666667
2023-09-26,0.4,0.24933333333333332
2023-09-27,0.02,0.24933333333333335
2023-09-28,0.26,0.247
2023-09-29,0.06,0.24566666666666667
2023-09-30,0.51,0.24966666666666668
2023-10-01,0.4,0.24699999999999997
2023-10-02,0.32,0.24800000000000003
2023-10-03,0.19,0.25433333333333336
2023-10-04,0.47,0.25433333333333336
2023-10-05,0.33,0.26066666666666666
2023-10-06,0.54,0.26333333333333336
2023-10-07,0.39,0.271
2023-10-08,0.4,0.26799999999999996
2023-10-09,0.47,0.28099999999999997
2023-10-10,0.02,0.26666666666666666
2023-10-11,0.49,0.2796666666666667
2023-10-12,0.45,0.28200000000000003
2023-10-13,0.23,0.2866666666666667
2023-10-14,0.44,0.2983333333333333
2023-10-15,0.51,0.30166666666666664
2023-10-16,0.05,0.29800000000000004
2023-10-17,0.39,0.30366666666666664
2023-10-18,0.42,0.31566666666666665
2023-10-19,0.04,0.30333333333333334
2023-10-20,0.17,0.30666666666666664
2023-10-21,0.06,0.30333333333333334
2023-10-22,0.35,0.3046666666666667
2023-10-23,0.19,0.30066666666666664
2023-10-24,0.29,0.30033333333333334
2023-10-25,0.43,0.3096666666666667
2023-10-26,0.07,0.2986666666666667
2023-10-27,0.42,0.31200000000000006
2023-10-28,0.16,0.30866666666666664
2023-10-29,0.05,0.30833333333333335
2023-10-30,0.26,0.3
2023-10-31,0.37,0.29900000000000004
2023-11-01,0.35,0.3
2023-11-02,0.02,0.29433333333333334
2023-11-03,0.02,0.2793333333333333
2023-11-04,0.21,0.2753333333333333
2023-11-05,0.06,0.2593333333333333
2023-11-06,0.23,0.254
2023-11-07,0.02,0.24133333333333332
2023-11-08,0.36,0.23766666666666666
2023-11-09,0.13,0.24133333333333334
2023-11-10,0.36,0.23700000000000002
2023-11-11,0.12,0.226
2023-11-12,0.16,0.22366666666666665
2023-11-13,0.22,0.21633333333333335
2023-11-14,0.32,0.21000000000000002
2023-11-15,0.22,0.21566666666666665
2023-11-16,0.46,0.218
2023-11-17,0.28,0.21333333333333335
2023-11-18,0.42,0.226
2023-11-19,0.33,0.23133333333333334
2023-11-20,0.47,0.24500000000000002
2023-11-21,0.16,0.23866666666666667
2023-11-22,0.49,0.2486666666666667
2023-11-23,0.16,0.24433333333333335
2023-11-24,0.27,0.239
2023-11-25,0.29,0.24633333333333335
2023-11-26,0.04,0.2336666666666667
2023-11-27,0.28,0.2376666666666667
2023-11-28,0.19,0.24233333333333335
2023-11-29,0.16,0.239
2023-11-30,0.51,0.24366666666666664
2023-12-01,0.36,0.24400000000000002
2023-12-02,0.51,0.26033333333333336
2023-12-03,0.12,0.26366666666666666
2023-12-04,0.54,0.27466666666666667
2023-12-05,0.07,0.275
2023-12-06,0.18,0.2733333333333334
2023-12-07,0.46,0.288
2023-12-08,0.1,0.2793333333333334
2023-12-09,0.31,0.28533333333333327
2023-12-10,0.51,0.2903333333333334
2023-12-11,0.09,0.2893333333333334
2023-12-12,0.12,0.28800000000000003
2023-12-13,0.23,0.28833333333333333
2023-12-14,0.27,0.2866666666666667
2023-12-15,0.31,0.2896666666666667
2023-12-16,0.05,0.27599999999999997
2023-12-17,0.3,0.2766666666666666
2023-12-18,0.22,0.26999999999999996
2023-12-19,0.16,0.2643333333333333
2023-12-20,0.26,0.2573333333333333
2023-12-21,0.3,0.26199999999999996
2023-12-22,0.46,0.261
2023-12-23,0.13,0.26
2023-12-24,0.09,0.254
2023-12-25,0.34,0.25566666666666665
2023-12-26,0.51,0.27133333333333337
2023-12-27,0.27,0.271
2023-12-28,0.35,0.2763333333333334
2023-12-29,0.12,0.275
2023-12-30,0.24,0.266
2023-12-31,0.15,0.259
2024-01-01,0.43,0.25633333333333336
2024-01-02,0.29,0.262
2024-01-03,0.44,0.25866666666666666
2024-01-04,0.39,0.2693333333333333
2024-01-05,0.01,0.26366666666666666
2024-01-06,0.27,0.2573333333333333
2024-01-07,0.37,0.26633333333333337
2024-01-08,0.49,0.2723333333333333
2024-01-09,0.09,0.25833333333333336
2024-01-10,0.16,0.26066666666666666
2024-01-11,0.44,0.27133333333333337
2024-01-12,0.12,0.26766666666666666
2024-01-13,0.43,0.27299999999999996
2024-01-14,0.17,0.2683333333333333
2024-01-15,0.08,0.2693333333333333
2024-01-16,0.45,0.2743333333333334
2024-01-17,0.42,0.28099999999999997
2024-01-18,0.36,0.2876666666666666
2024-01-19,0.36,0.291
2024-01-20,0.03,0.28200000000000003
2024-01-21,0.16,0.272
2024-01-22,0.29,0.2773333333333333
2024-01-23,0.28,0.28366666666666673
2024-01-24,0.13,0.27666666666666667
2024-01-25,0.19,0.266
2024-01-26,0.13,0.2613333333333333
2024-01-27,0.16,0.255
2024-01-28,0.08,0.25366666666666665
2024-01-29,0.17,0.25133333333333335
2024-01-30,0.01,0.24666666666666667
2024-01-31,0.26,0.241
2024-02-01,0.21,0.2383333333333333
2024-02-02,0.42,0.23766666666666666
2024-02-03,0.13,0.229
2024-02-04,0.38,0.24133333333333334
2024-02-05,0.17,0.23800000000000002
2024-02-06,0.15,0.23066666666666666
2024-02-07,0.22,0.22166666666666665
2024-02-08,0.11,0.22233333333333333
2024-02-09,0.42,0.23099999999999998
2024-02-10,0.25,0.22466666666666668
2024-02-11,0.22,0.228
2024-02-12,0.25,0.222
2024-02-13,0.06,0.21833333333333332
2024-02-14,0.29,0.22533333333333333
2024-02-15,0.47,0.226
2024-02-16,0.17,0.21766666666666665
2024-02-17,0.48,0.22166666666666668
2024-02-18,0.08,0.21233333333333335
2024-02-19,0.03,0.21233333333333335
2024-02-20,0.24,0.215
2024-02-21,0.07,0.2076666666666667
2024-02-22,0.27,0.20733333333333331
2024-02-23,0.15,0.20800000000000002
2024-02-24,0.03,0.20266666666666666
2024-02-25,0.46,0.21366666666666667
2024-02-26,0.25,0.21666666666666667
2024-02-27,0.41,0.22766666666666666
2024-02-28,0.02,0.22266666666666665
2024-02-29,0.29,0.232
2024-03-01,0.23,0.23099999999999998
2024-03-02,0.21,0.23099999999999998
2024-03-03,0.3,0.227
2024-03-04,0.02,0.22333333333333333
2024-03-05,0.0,0.21066666666666667
2024-03-06,0.17,0.21066666666666664
2024-03-07,0.15,0.21066666666666667
2024-03-08,0.27,0.21233333333333335
2024-03-09,0.39,0.22166666666666668
2024-03-10,0.31,0.218
2024-03-11,0.39,0.22266666666666668
2024-03-12,0.28,0.22466666666666668
2024-03-13,0.3,0.22633333333333336
2024-03-14,0.26,0.233
2024-03-15,0.14,0.228
2024-03-16,0.42,0.22633333333333333
2024-03-17,0.3,0.23066666666666666
2024-03-18,0.24,0.22266666666666665
2024-03-19,0.37,0.23233333333333334
2024-03-20,0.17,0.23700000000000002
2024-03-21,0.09,0.232
2024-03-22,0.48,0.24566666666666667
2024-03-23,0.35,0.24833333333333335
2024-03-24,0.12,0.24733333333333332
2024-03-25,0.17,0.252
2024-03-26,0.1,0.23999999999999996
2024-03-27,0.41,0.24533333333333332
2024-03-28,0.01,0.232
2024-03-29,0.12,0.2353333333333333
2024-03-30,0.38,0.23833333333333334
2024-03-31,0.06,0.2326666666666667
2024-04-01,0.54,0.24366666666666664
2024-04-02,0.45,0.24866666666666667
2024-04-03,0.46,0.26333333333333336
2024-04-04,0.21,0.2703333333333333
2024-04-05,0.43,0.279
2024-04-06,0.34,0.2853333333333333
2024-04-07,0.09,0.2793333333333334
2024-04-08,0.17,0.272
2024-04-09,0.54,0.2796666666666667
2024-04-10,0.41,0.2803333333333333
2024-04-11,0.28,0.2803333333333333
2024-04-12,0.48,0.28633333333333333
2024-04-13,0.38,0.2903333333333333
2024-04-14,0.53,0.30333333333333334
2024-04-15,0.57,0.30833333333333335
2024-04-16,0.31,0.30866666666666664
2024-04-17,0.59,0.3203333333333333
2024-04-18,0.47,0.32366666666666666
2024-04-19,0.04,0.31933333333333336
2024-04-20,0.12,0.3203333333333333
2024-04-21,0.08,0.30700000000000005
2024-04-22,0.53,0.31299999999999994
2024-04-23,0.34,0.3203333333333333
2024-04-24,0.04,0.316
2024-04-25,0.11,0.31633333333333336
2024-04-26,0.59,0.3223333333333333
2024-04-27,0.25,0.3303333333333333
2024-04-28,0.24,0.3343333333333333
2024-04-29,0.12,0.3256666666666667
2024-04-30,0.27,0.33266666666666667
2024-05-01,0.57,0.3336666666666667
2024-05-02,0.04,0.32
2024-05-03,0.03,0.3056666666666667
2024-05-04,0.0,0.2986666666666667
2024-05-05,0.08,0.287
2024-05-06,0.46,0.29100000000000004
2024-05-07,0.33,0.29900000000000004
2024-05-08,0.25,0.3016666666666667
2024-05-09,0.6,0.30366666666666664
2024-05-10,0.1,0.2933333333333333
2024-05-11,0.07,0.28633333333333333
2024-05-12,0.25,0.2786666666666667
2024-05-13,0.12,0.26999999999999996
2024-05-14,0.18,0.25833333333333336
2024-05-15,0.39,0.25233333333333335
2024-05-16,0.08,0.24466666666666667
2024-05-17,0.1,0.22833333333333333
2024-05-18,0.25,0.221
2024-05-19,0.36,0.23166666666666666
2024-05-20,0.31,0.238
2024-05-21,0.48,0.25133333333333335
2024-05-22,0.17,0.23933333333333331
2024-05-23,0.2,0.23466666666666666
2024-05-24,0.13,0.23766666666666666
2024-05-25,0.08,0.23666666666666666
2024-05-26,0.36,0.22899999999999998
2024-05-27,0.33,0.23166666666666663
2024-05-28,0.38,0.23633333333333334
2024-05-29,0.25,0.24066666666666667
2024-05-30,0.17,0.23733333333333334
2024-05-31,0.17,0.22400000000000003
2024-06-01,0.09,0.22566666666666668
2024-06-02,0.31,0.235
2024-06-03,0.4,0.24833333333333335
2024-06-04,0.17,0.25133333333333335
2024-06-05,0.26,0.24466666666666667
2024-06-06,0.23,0.24133333333333334
2024-06-07,0.35,0.24466666666666667
2024-06-08,0.41,0.23833333333333334
2024-06-09,0.11,0.23866666666666667
2024-06-10,0.58,0.25566666666666665
2024-06-11,0.23,0.255
2024-06-12,0.42,0.265
2024-06-13,0.1,0.26233333333333336
2024-06-14,0.34,0.26066666666666666
2024-06-15,0.57,0.277
2024-06-16,0.22,0.28099999999999997
2024-06-17,0.35,0.2843333333333334
2024-06-18,0.11,0.276
2024-06-19,0.21,0.27266666666666667
2024-06-20,0.45,0.27166666666666667
2024-06-21,0.48,0.28200000000000003
2024-06-22,0.06,0.2773333333333333
2024-06-23,0.48,0.289
2024-06-24,0.02,0.287
2024-06-25,0.11,0.27866666666666673
2024-06-26,0.17,0.2733333333333334
2024-06-27,0.33,0.27166666666666667
2024-06-28,0.22,0.2706666666666667
2024-06-29,0.3,0.275
2024-06-30,0.07,0.27166666666666667
2024-07-01,0.51,0.2856666666666667
2024-07-02,0.08,0.27799999999999997
2024-07-03,0.03,0.26566666666666666
2024-07-04,0.39,0.27299999999999996
2024-07-05,0.29,0.274
2024-07-06,0.2,0.27299999999999996
2024-07-07,0.1,0.26466666666666666
2024-07-08,0.37,0.26333333333333336
2024-07-09,0.26,0.2683333333333333
2024-07-10,0.08,0.25166666666666665
2024-07-11,0.46,0.25933333333333336
2024-07-12,0.08,0.24800000000000003
2024-07-13,0.17,0.25033333333333335
2024-07-14,0.21,0.246
2024-07-15,0.1,0.23033333333333333
2024-07-16,0.28,0.23233333333333334
2024-07-17,0.09,0.22366666666666665
2024-07-18,0.1,0.2233333333333333
2024-07-19,0.35,0.228
2024-07-20,0.16,0.21833333333333335
2024-07-21,0.03,0.2033333333333333
2024-07-22,0.0,0.20133333333333334
2024-07-23,0.19,0.19166666666666668
2024-07-24,0.47,0.20666666666666667
2024-07-25,0.41,0.21666666666666667
2024-07-26,0.41,0.22466666666666668
2024-07-27,0.18,0.21966666666666665
2024-07-28,0.48,0.22833333333333336
2024-07-29,0.24,0.2263333333333333
2024-07-30,0.29,0.23366666666666666
2024-07-31,0.1,0.22000000000000003
2024-08-01,0.33,0.22833333333333336
2024-08-02,0.48,0.24333333333333332
2024-08-03,0.32,0.24100000000000002
2024-08-04,0.05,0.233
2024-08-05,0.46,0.24166666666666667
2024-08-06,0.32,0.249
2024-08-07,0.38,0.24933333333333332
2024-08-08,0.43,0.255
2024-08-09,0.35,0.264
2024-08-10,0.25,0.257
2024-08-11,0.11,0.25799999999999995
2024-08-12,0.35,0.264
2024-08-13,0.33,0.26799999999999996
2024-08-14,0.19,0.271
2024-08-15,0.07,0.264
2024-08-16,0.18,0.267
2024-08-17,0.42,0.2776666666666667
2024-08-18,0.44,0.2806666666666667
2024-08-19,0.1,0.2786666666666667
2024-08-20,0.53,0.29533333333333334
2024-08-21,0.49,0.31166666666666665
2024-08-22,0.04,0.3066666666666667
2024-08-23,0.33,0.302
2024-08-24,0.39,0.3013333333333333
2024-08-25,0.21,0.2946666666666667
2024-08-26,0.25,0.297
2024-08-27,0.27,0.29
2024-08-28,0.25,0.2903333333333333
2024-08-29,0.47,0.29633333333333334
2024-08-30,0.37,0.30533333333333335
2024-08-31,0.37,0.3066666666666667
2024-09-01,0.47,0.3063333333333333
2024-09-02,0.33,0.30666666666666664
2024-09-03,0.2,0.31166666666666665
2024-09-04,0.5,0.313
2024-09-05,0.3,0.3123333333333333
2024-09-06,0.35,0.31133333333333335
2024-09-07,0.34,0.30833333333333335
2024-09-08,0.34,0.308
2024-09-09,0.53,0.3173333333333333
2024-09-10,0.11,0.3173333333333333
2024-09-11,0.35,0.31733333333333336
2024-09-12,0.01,0.3066666666666667
2024-09-13,0.48,0.3163333333333333
2024-09-14,0.09,0.31700000000000006
2024-09-15,0.12,0.315
2024-09-16,0.13,0.30533333333333335
2024-09-17,0.07,0.293
2024-09-18,0.12,0.2936666666666667
2024-09-19,0.11,0.2796666666666667
2024-09-20,0.02,0.264
2024-09-21,0.48,0.2786666666666667
2024-09-22,0.37,0.28
2024-09-23,0.33,0.2780000000000001
2024-09-24,0.45,0.286
2024-09-25,0.41,0.29133333333333333
2024-09-26,0.47,0.29800000000000004
2024-09-27,0.31,0.3
2024-09-28,0.38,0.297
