Date,Daily Tesla Sales,Year,Exponential Smoothing
2019-01-01,780,2019,780.0
2019-01-02,1056,2019,797.8064516129033
2019-01-03,204,2019,759.4963579604579
2019-01-04,353,2019,733.270786479138
2019-01-05,648,2019,727.7694454159678
2019-01-06,914,2019,739.7843199052602
2019-01-07,16,2019,693.0885573307273
2019-01-08,608,2019,687.5989729868095
2019-01-09,202,2019,656.2700069876605
2019-01-10,894,2019,671.6074258916824
2019-01-11,188,2019,640.4069468018964
2019-01-12,190,2019,611.3484341049999
2019-01-13,304,2019,591.5195028724194
2019-01-14,914,2019,612.3246962354891
2019-01-15,1063,2019,641.4005222848125
2019-01-16,894,2019,657.6972627825666
2019-01-17,255,2019,631.7167942159494
2019-01-18,868,2019,646.9608720084689
2019-01-19,1225,2019,684.2537189756645
2019-01-20,587,2019,677.9792854933636
2019-01-21,1031,2019,700.7548154615337
2019-01-22,142,2019,664.7061176898218
2019-01-23,1044,2019,689.1766907420914
2019-01-24,682,2019,688.7136784361501
2019-01-25,77,2019,649.2482798273662
2019-01-26,631,2019,648.0709714514072
2019-01-27,1068,2019,675.163166841639
2019-01-28,708,2019,677.2816722066946
2019-01-29,841,2019,687.844144967553
2019-01-30,631,2019,684.1767807760981
2019-01-31,914,2019,699.0040852421564
2019-02-01,357,2019,676.9393055491141
2019-02-02,26,2019,634.9432213201391
2019-02-03,378,2019,618.366239299485
2019-02-04,731,2019,625.6329335382279
2019-02-05,125,2019,593.3340346002778
2019-02-06,125,2019,563.1189355938084
2019-02-07,383,2019,551.4983591038854
2019-02-08,631,2019,556.6274972262154
2019-02-09,1049,2019,588.3934651471047
2019-02-10,255,2019,566.8842093311625
2019-02-11,42,2019,533.0207119549585
2019-02-12,123,2019,506.56776279657413
2019-02-13,332,2019,495.3053264871178
2019-02-14,543,2019,498.38240219762633
2019-02-15,197,2019,478.9383762493924
2019-02-16,585,2019,485.7810616526574
2019-02-17,566,2019,490.95647702990533
2019-02-18,344,2019,481.47541399571793
2019-02-19,966,2019,512.7350647056717
2019-02-20,385,2019,504.49409278917676
2019-02-21,1019,2019,537.6880222866492
2019-02-22,487,2019,534.4178273004138
2019-02-23,160,2019,510.26183844232264
2019-02-24,996,2019,541.5997843492696
2019-02-25,12,2019,507.4320563267361
2019-02-26,991,2019,538.6299881766241
2019-02-27,381,2019,528.4603115200678
2019-02-28,696,2019,539.2693236800634
2019-03-01,209,2019,517.9616253781238
2019-03-02,16,2019,485.57700438598687
2019-03-03,606,2019,493.3462299094716
2019-03-04,487,2019,492.9367957217638
2019-03-05,425,2019,488.55377664294036
2019-03-06,1003,2019,521.7438555692023
2019-03-07,596,2019,526.5345745647377
2019-03-08,1010,2019,557.7258923347546
2019-03-09,353,2019,544.5177702486413
2019-03-10,594,2019,547.7101721680839
2019-03-11,650,2019,554.3095158991753
2019-03-12,462,2019,548.3540632605187
2019-03-13,272,2019,530.5247688566143
2019-03-14,77,2019,501.26510634973596
2019-03-15,30,2019,470.8609059400756
2019-03-16,183,2019,452.28923458910305
2019-03-17,202,2019,436.1415420349674
2019-03-18,30,2019,409.9388619036792
2019-03-19,982,2019,446.84603210344187
2019-03-20,747,2019,466.2108042258005
2019-03-21,559,2019,472.1972039531682
2019-03-22,641,2019,483.0877069239316
2019-03-23,267,2019,469.1465645417425
2019-03-24,9,2019,439.45968941001723
2019-03-25,866,2019,466.9784191255
2019-03-26,1123,2019,509.3023920851452
2019-03-27,172,2019,487.5409474344907
2019-03-28,346,2019,478.4092734064591
2019-03-29,460,2019,477.22157834797787
2019-03-30,406,2019,472.6266378093987
2019-03-31,244,2019,457.8765321442762
2019-04-01,536,2019,462.91675587690355
2019-04-02,535,2019,467.567287755813
2019-04-03,112,2019,444.627462739309
2019-04-04,522,2019,449.619239336773
2019-04-05,452,2019,449.7728367989167
2019-04-06,118,2019,428.3681376505996
2019-04-07,233,2019,415.76374167314157
2019-04-08,143,2019,398.1660809200357
2019-04-09,105,2019,379.2521402155173
2019-04-10,57,2019,358.46167955645166
2019-04-11,693,2019,380.0447970044225
2019-04-12,592,2019,393.71932622994365
2019-04-13,266,2019,385.4793696989796
2019-04-14,698,2019,405.6419910087229
2019-04-15,709,2019,425.21347545977306
2019-04-16,573,2019,434.74808994623936
2019-04-17,665,2019,449.60305188519163
2019-04-18,206,2019,433.8867259571148
2019-04-19,156,2019,415.95855008891385
2019-04-20,141,2019,398.21928879285497
2019-04-21,37,2019,374.91481854815464
2019-04-22,134,2019,359.3719270289189
2019-04-23,702,2019,381.47696399479514
2019-04-24,722,2019,403.4461921241632
2019-04-25,338,2019,399.22385714841073
2019-04-26,83,2019,378.82231797754554
2019-04-27,739,2019,402.05958778544584
2019-04-28,132,2019,384.6363885734816
2019-04-29,551,2019,395.3695247945474
2019-04-30,525,2019,403.73278125941533
2019-05-01,575,2019,414.7822792426789
2019-05-02,263,2019,404.98987413024804
2019-05-03,696,2019,423.7647209605546
2019-05-04,683,2019,440.48957767277693
2019-05-05,553,2019,447.74831459711396
2019-05-06,85,2019,424.34519752633247
2019-05-07,321,2019,417.6777654278594
2019-05-08,7,2019,391.18242572283623
2019-05-09,99,2019,372.3319466439436
2019-05-10,452,2019,377.4718210540118
2019-05-11,702,2019,398.40912292149494
2019-05-12,316,2019,393.09240531365657
2019-05-13,601,2019,406.50579851922714
2019-05-14,737,2019,427.8280050663738
2019-05-15,610,2019,439.58103699757555
2019-05-16,742,2019,459.0919378364417
2019-05-17,437,2019,457.6666515244132
2019-05-18,235,2019,443.3010611034834
2019-05-19,467,2019,444.8300249032587
2019-05-20,314,2019,436.3893781353065
2019-05-21,103,2019,414.8803859975448
2019-05-22,608,2019,427.3397159331871
2019-05-23,535,2019,434.28554071169117
2019-05-24,597,2019,444.7832477625498
2019-05-25,15,2019,417.0552962939982
2019-05-26,259,2019,406.8581804040628
2019-05-27,555,2019,416.4157171521878
2019-05-28,355,2019,412.4534128197886
2019-05-29,200,2019,398.7467410249635
2019-05-30,380,2019,397.53727386206265
2019-05-31,518,2019,405.3090626451554
2019-06-01,516,2019,412.45041344224217
2019-06-02,358,2019,408.9374835427427
2019-06-03,152,2019,392.36087170127547
2019-06-04,707,2019,412.6601703011932
2019-06-05,303,2019,405.5853206043421
2019-06-06,255,2019,395.8701386298684
2019-06-07,456,2019,399.7494845247156
2019-06-08,215,2019,387.8301629424759
2019-06-09,33,2019,364.937894365542
2019-06-10,452,2019,370.5548044064748
2019-06-11,191,2019,358.9706234770248
2019-06-12,397,2019,361.4241316397974
2019-06-13,507,2019,370.8161231469072
2019-06-14,356,2019,369.8602442342035
2019-06-15,698,2019,391.03055105780334
2019-06-16,145,2019,375.1576122798806
2019-06-17,579,2019,388.30873406827544
2019-06-18,165,2019,373.9017189670964
2019-06-19,718,2019,396.1016080659934
2019-06-20,20,2019,371.83698819076807
2019-06-21,182,2019,359.58944056555725
2019-06-22,213,2019,350.13205730326325
2019-06-23,592,2019,365.7364407030527
2019-06-24,658,2019,384.5921542060816
2019-06-25,733,2019,407.0700797411732
2019-06-26,603,2019,419.7107197578717
2019-06-27,575,2019,429.72938299929933
2019-06-28,694,2019,446.779100225151
2019-06-29,309,2019,437.8901260170768
2019-06-30,90,2019,415.4456017579106
2019-07-01,335,2019,410.25556293481964
2019-07-02,89,2019,389.52939758418614
2019-07-03,387,2019,389.36621064327096
2019-07-04,847,2019,418.8909712469309
2019-07-05,639,2019,433.09155374712896
2019-07-06,408,2019,431.47274382795933
2019-07-07,629,2019,444.2164377745426
2019-07-08,398,2019,441.2347321116689
2019-07-09,244,2019,428.5099106851097
2019-07-10,42,2019,403.57378741510263
2019-07-11,377,2019,401.8593495173541
2019-07-12,177,2019,387.3522947097829
2019-07-13,96,2019,368.5553724704421
2019-07-14,672,2019,388.1324452142846
2019-07-15,783,2019,413.60777132949204
2019-07-16,670,2019,430.1492054372668
2019-07-17,395,2019,427.8815147638948
2019-07-18,737,2019,447.8246428436436
2019-07-19,167,2019,429.70692395050526
2019-07-20,889,2019,459.3387353085372
2019-07-21,668,2019,472.80075238540576
2019-07-22,410,2019,468.74909094118607
2019-07-23,433,2019,466.4426979772386
2019-07-24,537,2019,470.99478197870707
2019-07-25,15,2019,441.57576378653243
2019-07-26,325,2019,434.05474676804647
2019-07-27,514,2019,439.21250504107576
2019-07-28,142,2019,420.0375047158451
2019-07-29,883,2019,449.90605279869385
2019-07-30,525,2019,454.7508235858749
2019-07-31,774,2019,475.34754464485076
2019-08-01,814,2019,497.19609015163456
2019-08-02,862,2019,520.731826270884
2019-08-03,425,2019,514.555579414698
2019-08-04,106,2019,488.1971549363303
2019-08-05,214,2019,470.50701590818
2019-08-06,606,2019,479.2484987528136
2019-08-07,678,2019,492.0711762526321
2019-08-08,805,2019,512.2601326234301
2019-08-09,681,2019,523.146575679983
2019-08-10,683,2019,533.4596998296615
2019-08-11,558,2019,535.0429450019415
2019-08-12,248,2019,516.5240453243969
2019-08-13,579,2019,520.5547520776616
2019-08-14,635,2019,527.938316459748
2019-08-15,217,2019,507.8777799139578
2019-08-16,481,2019,506.1437295969283
2019-08-17,666,2019,516.4570373648685
2019-08-18,464,2019,513.0727123735867
2019-08-19,189,2019,492.16479544625855
2019-08-20,250,2019,476.5412602561774
2019-08-21,147,2019,455.28053378803696
2019-08-22,462,2019,455.7140477371959
2019-08-23,520,2019,459.8615285283446
2019-08-24,35,2019,432.4511073329675
2019-08-25,572,2019,441.4542616985825
2019-08-26,654,2019,455.16688997609333
2019-08-27,587,2019,463.6722519131196
2019-08-28,708,2019,479.4353324348539
2019-08-29,129,2019,456.8266013100246
2019-08-30,183,2019,439.1603689674424
2019-08-31,545,2019,445.9887322598655
2019-09-01,639,2019,458.44107211406777
2019-09-02,285,2019,447.2513255260634
2019-09-03,549,2019,453.8157561372852
2019-09-04,349,2019,447.0534492897184
2019-09-05,489,2019,449.75967836780114
2019-09-06,260,2019,437.5171184731043
2019-09-07,558,2019,445.2902076038718
2019-09-08,835,2019,470.4327748552349
2019-09-09,568,2019,476.72743454199394
2019-09-10,158,2019,456.1643742489621
2019-09-11,614,2019,466.3473178458033
2019-09-12,778,2019,486.4539425009128
2019-09-13,196,2019,467.7149784685958
2019-09-14,363,2019,460.9591734061058
2019-09-15,209,2019,444.7037428637764
2019-09-16,194,2019,428.529307840307
2019-09-17,631,2019,441.5919331409324
2019-09-18,219,2019,427.2311632608723
2019-09-19,119,2019,407.34528176017085
2019-09-20,410,2019,407.51655390467596
2019-09-21,448,2019,410.12838913663234
2019-09-22,483,2019,414.8297833858819
2019-09-23,541,2019,422.9697973609863
2019-09-24,516,2019,428.9717459183421
2019-09-25,539,2019,436.0703429558684
2019-09-26,824,2019,461.09806276516724
2019-09-27,583,2019,468.962703877092
2019-09-28,64,2019,442.83607782050547
2019-09-29,450,2019,443.29826634821484
2019-09-30,294,2019,433.66612013220106
2019-10-01,1115,2019,477.623144639801
2019-10-02,136,2019,455.5829417598139
2019-10-03,637,2019,467.28726809789043
2019-10-04,318,2019,457.65583144641363
2019-10-05,54,2019,431.61351974019345
2019-10-06,26,2019,405.4449055634068
2019-10-07,927,2019,439.0936213335096
2019-10-08,598,2019,449.3456457636058
2019-10-09,41,2019,423.00076539176024
2019-10-10,617,2019,435.51684504390477
2019-10-11,429,2019,435.096403428169
2019-10-12,1102,2019,478.12244191667423
2019-10-13,866,2019,503.14680050269527
2019-10-14,147,2019,480.1695875670376
2019-10-15,914,2019,508.15864643368036
2019-10-16,19,2019,476.6000240831204
2019-10-17,1152,2019,520.1742160777578
2019-10-18,136,2019,495.3887827824186
2019-10-19,191,2019,475.75079679645614
2019-10-20,875,2019,501.5088099063622
2019-10-21,738,2019,516.7663060414357
2019-10-22,715,2019,529.5555766194076
2019-10-23,175,2019,506.6810232891233
2019-10-24,741,2019,521.7983766253088
2019-10-25,823,2019,541.230739423676
2019-10-26,656,2019,548.635207847955
2019-10-27,297,2019,532.4006783093773
2019-10-28,738,2019,545.6651506765143
2019-10-29,212,2019,524.1383667619004
2019-10-30,63,2019,494.38750439016496
2019-10-31,299,2019,481.78185894563825
2019-11-01,747,2019,498.8927067555971
2019-11-02,435,2019,494.7705966423328
2019-11-03,959,2019,524.7208807299243
2019-11-04,891,2019,548.3517916505743
2019-11-05,496,2019,544.974256705376
2019-11-06,52,2019,513.1694659501904
2019-11-07,238,2019,495.41659717921044
2019-11-08,37,2019,465.8413328450678
2019-11-09,262,2019,452.690279113128
2019-11-10,219,2019,437.613486912281
2019-11-11,392,2019,434.67068130503714
2019-11-12,253,2019,422.94999218858317
2019-11-13,160,2019,405.9854765635133
2019-11-14,56,2019,383.4057683981254
2019-11-15,1286,2019,441.63765430792375
2019-11-16,466,2019,443.20941854612227
2019-11-17,1148,2019,488.67977863992087
2019-11-18,191,2019,469.4746316308937
2019-11-19,221,2019,453.4440102353522
2019-11-20,182,2019,435.9314934459747
2019-11-21,136,2019,416.5810745139763
2019-11-22,1219,2019,468.3500374485585
2019-11-23,123,2019,446.0693898712322
2019-11-24,1042,2019,484.5165260085721
2019-11-25,1124,2019,525.7735243305998
2019-11-26,511,2019,524.8203937286256
2019-11-27,1046,2019,558.4448844558111
2019-11-28,1093,2019,592.9323112651136
2019-11-29,325,2019,575.6463556996225
2019-11-30,1143,2019,612.2498166222275
2019-12-01,961,2019,634.7498284530516
2019-12-02,1118,2019,665.9272588754354
2019-12-03,935,2019,683.2867905608913
2019-12-04,1200,2019,716.623126653737
2019-12-05,1130,2019,743.2926023534959
2019-12-06,338,2019,717.144692524238
2019-12-07,593,2019,709.1353575226743
2019-12-08,279,2019,681.3846892954051
2019-12-09,920,2019,696.7792254698952
2019-12-10,1124,2019,724.3418560847407
2019-12-11,942,2019,738.3843169824994
2019-12-12,485,2019,722.036941693306
2019-12-13,840,2019,729.6474615840605
2019-12-14,595,2019,720.9605285786372
2019-12-15,1096,2019,745.1566235090478
2019-12-16,717,2019,743.3400671536253
2019-12-17,32,2019,697.447159595327
2019-12-18,981,2019,715.7408912343382
2019-12-19,492,2019,701.3059950256712
2019-12-20,751,2019,704.5120598627248
2019-12-21,1245,2019,739.3822495490006
2019-12-22,385,2019,716.5188786103554
2019-12-23,251,2019,686.4854025709777
2019-12-24,966,2019,704.5186024051083
2019-12-25,732,2019,706.2915957983272
2019-12-26,582,2019,698.2727831661771
2019-12-27,65,2019,657.4164745748109
2019-12-28,11,2019,615.7121858925651
2019-12-29,959,2019,637.8597868027223
2019-12-30,829,2019,650.1914134606112
2019-12-31,232,2019,623.2113222696041
2020-01-01,90,2020,588.8105918005974
2020-01-02,992,2020,614.8228116844299
2020-01-03,110,2020,582.25359802737
2020-01-04,137,2020,553.5275594449591
2020-01-05,34,2020,520.0096523839941
2020-01-06,243,2020,502.1380619076074
2020-01-07,1040,2020,536.8388321071166
2020-01-08,787,2020,552.9782622937543
2020-01-09,958,2020,579.1086969844798
2020-01-10,683,2020,585.8113616951587
2020-01-11,906,2020,606.4686931986969
2020-01-12,840,2020,621.5352291213617
2020-01-13,948,2020,642.5974724038545
2020-01-14,1030,2020,667.5911838616704
2020-01-15,510,2020,657.4240107093045
2020-01-16,826,2020,668.2998809861236
2020-01-17,247,2020,641.1192435031479
2020-01-18,265,2020,616.8534858577835
2020-01-19,474,2020,607.637131931475
2020-01-20,1006,2020,633.3379621294443
2020-01-21,683,2020,636.5419645727061
2020-01-22,731,2020,642.6360313744669
2020-01-23,301,2020,620.5949970922433
2020-01-24,464,2020,610.492094054034
2020-01-25,538,2020,605.8151847602255
2020-01-26,339,2020,588.6013018724691
2020-01-27,50,2020,553.8528307839227
2020-01-28,870,2020,574.2494223462503
2020-01-29,402,2020,563.1365563884277
2020-01-30,645,2020,568.4180688794969
2020-01-31,1079,2020,601.3588386292068
2020-02-01,424,2020,589.9163329111935
2020-02-02,625,2020,592.1797953040199
2020-02-03,486,2020,585.329485929567
2020-02-04,404,2020,573.6308094179822
2020-02-05,769,2020,586.2352733264995
2020-02-06,6,2020,548.8007395634995
2020-02-07,513,2020,546.4910144303706
2020-02-08,1153,2020,585.6206264026048
2020-02-09,781,2020,598.2257472798561
2020-02-10,1050,2020,627.3724732618009
2020-02-11,253,2020,603.2194104707171
2020-02-12,962,2020,626.3665452790578
2020-02-13,1060,2020,654.342897196538
2020-02-14,1000,2020,676.6433554419227
2020-02-15,647,2020,674.7308808972826
2020-02-16,74,2020,635.9740498716516
2020-02-17,143,2020,604.1692724605773
2020-02-18,984,2020,628.6744806889272
2020-02-19,1117,2020,660.1793529025449
2020-02-20,1075,2020,686.9419752959292
2020-02-21,10,2020,643.2682994703854
2020-02-22,1016,2020,667.3155059561669
2020-02-23,444,2020,652.9080539589949
2020-02-24,603,2020,649.6881795100275
2020-02-25,48,2020,610.8695872835741
2020-02-26,836,2020,625.3941300394727
2020-02-27,337,2020,606.7880571337002
2020-02-28,1149,2020,641.7694728024939
2020-02-29,139,2020,609.3327326216879
2020-03-01,601,2020,608.7951369686758
2020-03-02,781,2020,619.9051281319871
2020-03-03,1157,2020,654.5564101879879
2020-03-04,586,2020,650.1334159823112
2020-03-05,1109,2020,679.737711725388
2020-03-06,669,2020,679.0449561302016
2020-03-07,679,2020,679.0420557347047
2020-03-08,673,2020,678.6522456873045
2020-03-09,386,2020,659.7714556429622
2020-03-10,1018,2020,682.8829746337389
2020-03-11,828,2020,692.245363367046
2020-03-12,293,2020,666.4875979885269
2020-03-13,526,2020,657.4238819892671
2020-03-14,98,2020,621.3320186351209
2020-03-15,86,2020,586.7944690457582
2020-03-16,466,2020,579.0012774944189
2020-03-17,1167,2020,616.9366789463919
2020-03-18,372,2020,601.1343125627537
2020-03-19,659,2020,604.8675827199954
2020-03-20,179,2020,577.3922548025763
2020-03-21,133,2020,548.7217867507973
2020-03-22,161,2020,523.7074779281652
2020-03-23,506,2020,522.5650599973159
2020-03-24,406,2020,515.0447335458762
2020-03-25,281,2020,499.94507331711
2020-03-26,918,2020,526.9163589095546
2020-03-27,129,2020,501.24433575409944
2020-03-28,110,2020,476.0027657054479
2020-03-29,607,2020,484.4542001760642
2020-03-30,880,2020,509.973284035673
2020-03-31,538,2020,511.78145925917795
2020-04-01,19,2020,479.98910704890847
2020-04-02,740,2020,496.76400336833376
2020-04-03,131,2020,473.1663257316671
2020-04-04,187,2020,454.7039821360757
2020-04-05,626,2020,465.7553381272966
2020-04-06,350,2020,458.2872517965033
2020-04-07,413,2020,455.36549361608377
2020-04-08,558,2020,461.98707467311067
2020-04-09,624,2020,472.4395214683939
2020-04-10,29,2020,443.83052008333624
2020-04-11,222,2020,429.5188736263468
2020-04-12,531,2020,436.0660430698083
2020-04-13,270,2020,425.35210480724004
2020-04-14,160,2020,408.2326141745149
2020-04-15,112,2020,389.1208326148688
2020-04-16,62,2020,368.0162627687482
2020-04-17,135,2020,352.9829554933451
2020-04-18,568,2020,366.8550228808712
2020-04-19,185,2020,355.1224407595247
2020-04-20,33,2020,334.3403478072973
2020-04-21,784,2020,363.350647948762
2020-04-22,450,2020,368.9409287262613
2020-04-23,572,2020,382.0415139697283
2020-04-24,435,2020,385.4581904878104
2020-04-25,193,2020,373.04153303698394
2020-04-26,798,2020,400.4582083249205
2020-04-27,81,2020,379.84800133621604
2020-04-28,56,2020,358.9545818951699
2020-04-29,386,2020,360.69944757935247
2020-04-30,605,2020,376.46077354197496
2020-05-01,734,2020,399.52782041023465
2020-05-02,255,2020,390.20344489989697
2020-05-03,757,2020,413.867738777323
2020-05-04,539,2020,421.94078788846343
2020-05-05,473,2020,425.2349306053368
2020-05-06,330,2020,419.0907415340248
2020-05-07,2,2020,392.1816614350555
2020-05-08,116,2020,374.3634897295681
2020-05-09,402,2020,376.1464903921766
2020-05-10,135,2020,360.58865230235875
2020-05-11,379,2020,361.77648118607755
2020-05-12,589,2020,376.4360630450403
2020-05-13,518,2020,385.569220267941
2020-05-14,759,2020,409.6615286377513
2020-05-15,122,2020,391.1027203385416
2020-05-16,442,2020,394.38641580057117
2020-05-17,806,2020,420.94213091021174
2020-05-18,226,2020,408.3652192385852
2020-05-19,545,2020,417.18036638448297
2020-05-20,93,2020,396.265504037097
2020-05-21,112,2020,377.92579409921984
2020-05-22,844,2020,407.9950977057218
2020-05-23,560,2020,417.8018655956752
2020-05-24,155,2020,400.84690652498654
2020-05-25,226,2020,389.56646094272935
2020-05-26,622,2020,404.56217313997263
2020-05-27,299,2020,397.7517103567486
2020-05-28,97,2020,378.34837420470035
2020-05-29,603,2020,392.84202748181644
2020-05-30,309,2020,387.43286441847346
2020-05-31,313,2020,382.63074413341064
2020-06-01,601,2020,396.7190832215777
2020-06-02,794,2020,422.35011011050824
2020-06-03,562,2020,431.35978042595934
2020-06-04,73,2020,408.2397945920265
2020-06-05,296,2020,400.9985175215732
2020-06-06,769,2020,424.7405486492137
2020-06-07,222,2020,411.6605132524902
2020-06-08,647,2020,426.84370594587796
2020-06-09,462,2020,429.11185394936973
2020-06-10,806,2020,453.42721821070074
2020-06-11,603,2020,463.07707510033293
2020-06-12,124,2020,441.2011347712792
2020-06-13,384,2020,437.5107389795838
2020-06-14,647,2020,451.02617517444935
2020-06-15,81,2020,427.1535187115817
2020-06-16,575,2020,436.6920013753506
2020-06-17,419,2020,435.5505819317797
2020-06-18,842,2020,461.7731250329552
2020-06-19,618,2020,471.85227825663554
2020-06-20,815,2020,493.99084094975586
2020-06-21,153,2020,471.99143185622324
2020-06-22,214,2020,455.34682334937014
2020-06-23,234,2020,441.0663831332818
2020-06-24,236,2020,427.8362938988766
2020-06-25,562,2020,436.49201687314263
2020-06-26,39,2020,410.84737062326246
2020-06-27,806,2020,436.34108864756814
2020-06-28,806,2020,460.1900506703057
2020-06-29,195,2020,443.08101514318923
2020-06-30,1123,2020,486.94675610169315
2020-07-01,815,2020,508.11148151448714
2020-07-02,1188,2020,551.9752569006492
2020-07-03,164,2020,526.9445951651236
2020-07-04,962,2020,555.0126857996318
2020-07-05,1068,2020,588.1086415544943
2020-07-06,161,2020,560.553245325172
2020-07-07,247,2020,540.3240036912899
2020-07-08,1249,2020,586.0450357112068
2020-07-09,702,2020,593.5260011491935
2020-07-10,17,2020,556.3307752686004
2020-07-11,111,2020,527.5997575093359
2020-07-12,1297,2020,577.2384828313142
2020-07-13,361,2020,563.2876129712294
2020-07-14,258,2020,543.5916379408275
2020-07-15,400,2020,534.3276612994838
2020-07-16,251,2020,516.0484573446785
2020-07-17,807,2020,534.8195246127638
2020-07-18,797,2020,551.7343939925855
2020-07-19,233,2020,531.1708847027413
2020-07-20,1073,2020,566.1276018186935
2020-07-21,1323,2020,614.9580791207134
2020-07-22,1182,2020,651.5414288548609
2020-07-23,801,2020,661.1839173158376
2020-07-24,862,2020,674.1397936180416
2020-07-25,1027,2020,696.9049682233293
2020-07-26,1279,2020,734.4594864024693
2020-07-27,291,2020,705.8491969571487
2020-07-28,80,2020,665.4718294115262
2020-07-29,1168,2020,697.8930017075568
2020-07-30,1000,2020,717.3837757909403
2020-07-31,636,2020,712.1332096108796
2020-08-01,857,2020,721.4794541521131
2020-08-02,124,2020,682.9323925939124
2020-08-03,528,2020,672.9367543620472
2020-08-04,1140,2020,703.0698669838506
2020-08-05,1174,2020,733.452456210699
2020-08-06,470,2020,716.4555235519443
2020-08-07,210,2020,683.7809736453672
2020-08-08,1069,2020,708.6338140553436
2020-08-09,1123,2020,735.3671163743537
2020-08-10,621,2020,727.9885927372986
2020-08-11,128,2020,689.2796512703761
2020-08-12,379,2020,669.2616092529325
2020-08-13,503,2020,658.5350538172596
2020-08-14,207,2020,629.4037600225978
2020-08-15,484,2020,620.0228722792044
2020-08-16,21,2020,581.3762353579655
2020-08-17,817,2020,596.5777685606774
2020-08-18,801,2020,609.7662996212789
2020-08-19,1291,2020,653.7168609360351
2020-08-20,6,2020,611.9286763595168
2020-08-21,1103,2020,643.6106972395479
2020-08-22,876,2020,658.6035554821577
2020-08-23,275,2020,633.8549389994379
2020-08-24,870,2020,649.0901042252806
2020-08-25,1168,2020,682.568162017198
2020-08-26,931,2020,698.5960225322176
2020-08-27,229,2020,668.2995049494939
2020-08-28,88,2020,630.8608272108169
2020-08-29,84,2020,595.5794835197964
2020-08-30,1126,2020,629.8001620023903
2020-08-31,608,2020,628.3936999377199
2020-09-01,256,2020,604.368299941738
2020-09-02,300,2020,584.7316354293679
2020-09-03,769,2020,596.61991701457
2020-09-04,954,2020,619.676696562017
2020-09-05,727,2020,626.6007806547901
2020-09-06,103,2020,592.8200851286747
2020-09-07,1201,2020,632.0574989913409
2020-09-08,719,2020,637.6666926048028
2020-09-09,1191,2020,673.3656156625576
2020-09-10,140,2020,638.9549307811023
2020-09-11,530,2020,631.9255804081281
2020-09-12,1331,2020,677.0271558656683
2020-09-13,1176,2020,709.2189522614317
2020-09-14,910,2020,722.1725682445652
2020-09-15,1243,2020,755.7743380352385
2020-09-16,954,2020,768.5630904200618
2020-09-17,991,2020,782.9138587800578
2020-09-18,673,2020,775.8226420845702
2020-09-19,1251,2020,806.4792458210496
2020-09-20,222,2020,768.770907380982
2020-09-21,629,2020,759.7534294854348
2020-09-22,1189,2020,787.4467566154068
2020-09-23,174,2020,747.8695465111871
2020-09-24,1080,2020,769.2973177040137
2020-09-25,929,2020,779.6007165618194
2020-09-26,470,2020,759.6264767836376
2020-09-27,252,2020,726.8763815072739
2020-09-28,616,2020,719.7230665713208
2020-09-29,776,2020,723.3538364699452
2020-09-30,512,2020,709.7181050847875
2020-10-01,577,2020,701.1556466922206
2020-10-02,583,2020,693.5327017443354
2020-10-03,661,2020,691.4338177608299
2020-10-04,657,2020,689.212281131099
2020-10-05,89,2020,650.488908154899
2020-10-06,225,2020,623.038010854583
2020-10-07,1202,2020,660.3903972510616
2020-10-08,162,2020,628.2361780735738
2020-10-09,271,2020,605.1886827139884
2020-10-10,801,2020,617.8216709259892
2020-10-11,1106,2020,649.3170469952803
2020-10-12,25,2020,609.0385278342945
2020-10-13,1160,2020,644.5844292643401
2020-10-14,844,2020,657.4499499569633
2020-10-15,951,2020,676.3886628629657
2020-10-16,185,2020,644.6861684847098
2020-10-17,605,2020,642.1257705179544
2020-10-18,770,2020,650.3757208071186
2020-10-19,902,2020,666.6095452711755
2020-10-20,684,2020,667.7315100923901
2020-10-21,1122,2020,697.0391546025585
2020-10-22,906,2020,710.5204994669097
2020-10-23,761,2020,713.7772414367865
2020-10-24,270,2020,685.1464516666713
2020-10-25,757,2020,689.78216446237
2020-10-26,1106,2020,716.634928045443
2020-10-27,1220,2020,749.1100939779951
2020-10-28,142,2020,709.9417008181244
2020-10-29,1209,2020,742.1390104427617
2020-10-30,1006,2020,759.1623000916157
2020-10-31,350,2020,732.7647323437697
2020-11-01,332,2020,706.9089431603006
2020-11-02,310,2020,681.3019145693136
2020-11-03,853,2020,692.3792104035514
2020-11-04,1122,2020,720.0966807000965
2020-11-05,764,2020,722.9291529129935
2020-11-06,815,2020,728.8692075637681
2020-11-07,247,2020,697.780871591912
2020-11-08,9,2020,653.3433960053371
2020-11-09,973,2020,673.9664027146703
2020-11-10,1167,2020,705.7750218943689
2020-11-11,287,2020,678.7572785463451
2020-11-12,505,2020,667.5471315433551
2020-11-13,619,2020,664.415058540558
2020-11-14,986,2020,685.1624741185866
2020-11-15,1133,2020,714.0552177238392
2020-11-16,1089,2020,738.2452036771399
2020-11-17,4,2020,690.874545375389
2020-11-18,38,2020,648.7536069640736
2020-11-19,893,2020,664.5114387728431
2020-11-20,839,2020,675.7687653036274
2020-11-21,1238,2020,712.0417481872644
2020-11-22,997,2020,730.4261515300216
2020-11-23,537,2020,717.9470449796976
2020-11-24,1066,2020,740.4020743358461
2020-11-25,1127,2020,765.3438759915981
2020-11-26,842,2020,770.289432379237
2020-11-27,882,2020,777.496565774125
2020-11-28,975,2020,790.2387228209557
2020-11-29,1073,2020,808.481385864765
2020-11-30,802,2020,808.063231938006
2020-12-01,1206,2020,833.7365718129734
2020-12-02,143,2020,789.172922018588
2020-12-03,403,2020,764.2585399528726
2020-12-04,543,2020,749.9837954397841
2020-12-05,937,2020,762.0493570243143
2020-12-06,305,2020,732.5623017324231
2020-12-07,601,2020,724.0744112980732
2020-12-08,194,2020,689.8760621820685
2020-12-09,813,2020,697.81954204129
2020-12-10,1151,2020,727.056990941852
2020-12-11,265,2020,697.2468624939906
2020-12-12,783,2020,702.7793229782493
2020-12-13,56,2020,661.0516247215882
2020-12-14,314,2020,638.6611973201954
2020-12-15,619,2020,637.392732976957
2020-12-16,626,2020,636.6577179461856
2020-12-17,585,2020,633.3249619496576
2020-12-18,1215,2020,670.852383759357
2020-12-19,505,2020,660.1522299684309
2020-12-20,282,2020,635.7553119059515
2020-12-21,1175,2020,670.545291782987
2020-12-22,1036,2020,694.123014893762
2020-12-23,410,2020,675.792497803842
2020-12-24,806,2020,684.1929818164974
2020-12-25,1122,2020,712.4385958928525
2020-12-26,1087,2020,736.6038477707331
2020-12-27,706,2020,734.6294059790729
2020-12-28,310,2020,707.2339604320359
2020-12-29,937,2020,722.0575758880337
2020-12-30,520,2020,709.0216032500961
2020-12-31,851,2020,718.181499814606
2021-01-01,1518,2021,769.7826933749541
2021-01-02,305,2021,739.7967131572151
2021-01-03,835,2021,745.9388606954593
2021-01-04,247,2021,713.7492567796232
2021-01-05,961,2021,729.7009176325508
2021-01-06,1067,2021,751.4621487530316
2021-01-07,1289,2021,786.1420101238037
2021-01-08,462,2021,765.2296223738809
2021-01-09,95,2021,721.9890015755661
2021-01-10,284,2021,693.7316466352071
2021-01-11,1158,2021,723.6844436264842
2021-01-12,172,2021,688.0918988763884
2021-01-13,253,2021,660.0214537875893
2021-01-14,818,2021,670.2136180593577
2021-01-15,1460,2021,721.1675781845604
2021-01-16,1154,2021,749.0922505597501
2021-01-17,1388,2021,790.3121053623469
2021-01-18,924,2021,798.9371308228407
2021-01-19,95,2021,753.5218320600768
2021-01-20,1056,2021,773.0365525723299
2021-01-21,1257,2021,804.26000079347
2021-01-22,686,2021,796.6303233229236
2021-01-23,396,2021,770.7832056891866
2021-01-24,684,2021,765.1842891931101
2021-01-25,294,2021,734.7853027935547
2021-01-26,1170,2021,762.8636703552609
2021-01-27,769,2021,763.2595625904054
2021-01-28,29,2021,715.8879779071534
2021-01-29,1218,2021,748.2823019131436
2021-01-30,820,2021,752.9092501768117
2021-01-31,1204,2021,782.0118791976626
2021-02-01,161,2021,741.9465966687811
2021-02-02,101,2021,700.5952033353115
2021-02-03,402,2021,681.3309966685172
2021-02-04,574,2021,674.4064162382903
2021-02-05,1496,2021,727.4124539003361
2021-02-06,77,2021,685.4503601003145
2021-02-07,1286,2021,724.1954981583588
2021-02-08,1376,2021,766.2474015029808
2021-02-09,50,2021,720.037891728595
2021-02-10,232,2021,688.5515761332018
2021-02-11,748,2021,692.3869583181565
2021-02-12,282,2021,665.9103803621465
2021-02-13,806,2021,674.9484203387823
2021-02-14,1156,2021,705.9840061233771
2021-02-15,224,2021,674.8882637928367
2021-02-16,690,2021,675.8632145158796
2021-02-17,23,2021,633.7430071277583
2021-02-18,1460,2021,687.0499098937094
2021-02-19,296,2021,661.820883448954
2021-02-20,847,2021,673.7679232264409
2021-02-21,773,2021,680.1699926957028
2021-02-22,940,2021,696.9332189733994
2021-02-23,1059,2021,720.292366136406
2021-02-24,1454,2021,767.6283425147024
2021-02-25,563,2021,754.4265139653668
2021-02-26,1243,2021,785.9473840321173
2021-02-27,284,2021,753.5636818364969
2021-02-28,789,2021,755.8498959115617
2021-03-01,1170,2021,782.5692574656546
2021-03-02,1293,2021,815.5002731130317
2021-03-03,972,2021,825.5970296863845
2021-03-04,1034,2021,839.0423826098437
2021-03-05,147,2021,794.3944869575957
2021-03-06,728,2021,790.110971670009
2021-03-07,25,2021,740.7489734977504
2021-03-08,60,2021,696.8296848849924
2021-03-09,996,2021,716.1309955375735
2021-03-10,15,2021,670.896737760956
2021-03-11,578,2021,664.9033998408943
2021-03-12,168,2021,632.8451159801915
2021-03-13,915,2021,651.0486568846953
2021-03-14,1361,2021,696.8519693437472
2021-03-15,1005,2021,716.7324874506023
2021-03-16,220,2021,684.6852301957249
2021-03-17,665,2021,683.4152153443878
2021-03-18,634,2021,680.2271369350724
2021-03-19,531,2021,670.5995797134549
2021-03-20,251,2021,643.5286390867805
2021-03-21,849,2021,656.7848559198914
2021-03-22,959,2021,676.2826071508662
2021-03-23,485,2021,663.9417937862942
2021-03-24,1289,2021,704.2681296710493
2021-03-25,920,2021,718.1863148535623
2021-03-26,383,2021,696.5613913146228
2021-03-27,1324,2021,737.0413015523891
2021-03-28,537,2021,724.1354111296544
2021-03-29,833,2021,731.1589329922574
2021-03-30,1342,2021,770.5680340895312
2021-03-31,1201,2021,798.3378383418196
2021-04-01,1030,2021,813.2837842552507
2021-04-02,1438,2021,853.5880562387829
2021-04-03,1170,2021,874.0017300298292
2021-04-04,1250,2021,898.2596829311306
2021-04-05,1313,2021,925.0171227420254
2021-04-06,1398,2021,955.5321470812496
2021-04-07,1085,2021,963.8849117856852
2021-04-08,429,2021,929.3762077995119
2021-04-09,754,2021,918.0616137479306
2021-04-10,374,2021,882.9608644738705
2021-04-11,608,2021,865.2214538626531
2021-04-12,165,2021,820.0458761940948
2021-04-13,1227,2021,846.3009809557661
2021-04-14,589,2021,829.7009176682974
2021-04-15,1465,2021,870.6879552380847
2021-04-16,80,2021,819.6758290936921
2021-04-17,1106,2021,838.1483562489378
2021-04-18,399,2021,809.8162042328773
2021-04-19,604,2021,796.5377394436596
2021-04-20,714,2021,791.2127239956815
2021-04-21,1411,2021,831.1989998669278
2021-04-22,745,2021,825.6377740690616
2021-04-23,458,2021,801.9192080000898
2021-04-24,486,2021,781.5373236129873
2021-04-25,395,2021,756.5994317669881
2021-04-26,790,2021,758.7543071368599
2021-04-27,1111,2021,781.4798357086754
2021-04-28,509,2021,763.9004914694061
2021-04-29,1062,2021,783.1327178262187
2021-04-30,1394,2021,822.5435102245272
2021-05-01,24,2021,771.0245740810093
2021-05-02,289,2021,739.9262144628797
2021-05-03,450,2021,721.2212974007584
2021-05-04,773,2021,724.561858858774
2021-05-05,714,2021,723.8804486098209
2021-05-06,334,2021,698.726871280155
2021-05-07,566,2021,690.1638473265966
2021-05-08,855,2021,700.7984378216549
2021-05-09,557,2021,691.521119252516
2021-05-10,551,2021,682.4552405910633
2021-05-11,1318,2021,723.4581282948657
2021-05-12,53,2021,680.2027651790679
2021-05-13,976,2021,699.2864577481604
2021-05-14,904,2021,712.4937830547308
2021-05-15,1392,2021,756.3328938253933
2021-05-16,116,2021,715.0210942237551
2021-05-17,629,2021,709.4713462093193
2021-05-18,1468,2021,758.4086787119439
2021-05-19,788,2021,760.3177962143992
2021-05-20,1480,2021,806.7489061360509
2021-05-21,748,2021,802.9586541272735
2021-05-22,937,2021,811.6064828932559
2021-05-23,1009,2021,824.341548513046
2021-05-24,179,2021,782.706609899301
2021-05-25,1208,2021,810.1448931316042
2021-05-26,802,2021,809.6194161553718
2021-05-27,1130,2021,830.289131242122
2021-05-28,1005,2021,841.5608001942433
2021-05-29,203,2021,800.3633292139696
2021-05-30,1221,2021,827.5011789421006
2021-05-31,946,2021,835.1462641716425
2021-06-01,46,2021,784.2336019670205
2021-06-02,672,2021,776.9927244207612
2021-06-03,532,2021,761.186742200067
2021-06-04,1151,2021,786.3359846387724
2021-06-05,987,2021,799.2820501459483
2021-06-06,1109,2021,819.2638533623388
2021-06-07,1109,2021,837.9565079841234
2021-06-08,331,2021,805.2496365012768
2021-06-09,604,2021,792.2657889850655
2021-06-10,978,2021,804.2486413086096
2021-06-11,6,2021,752.7487289661187
2021-06-12,1467,2021,798.829456129595
2021-06-13,519,2021,780.7759428309115
2021-06-14,1187,2021,806.9839465192399
2021-06-15,691,2021,799.5011112599342
2021-06-16,642,2021,789.3397492431642
2021-06-17,1107,2021,809.8339589694117
2021-06-18,344,2021,779.7801551649336
2021-06-19,1436,2021,822.1169193478412
2021-06-20,1030,2021,835.5287310028193
2021-06-21,589,2021,819.6236515832826
2021-06-22,583,2021,804.3576095456515
2021-06-23,475,2021,783.1087315104481
2021-06-24,1368,2021,820.8436520581612
2021-06-25,308,2021,787.7569648286025
2021-06-26,1313,2021,821.6436122590153
2021-06-27,838,2021,822.6988630810145
2021-06-28,965,2021,831.8795815919168
2021-06-29,228,2021,792.9196085859868
2021-06-30,1475,2021,836.9247951288264
2021-07-01,10,2021,783.5748083463216
2021-07-02,643,2021,774.5054658723653
2021-07-03,263,2021,741.5051132354386
2021-07-04,1489,2021,789.7305898008942
2021-07-05,227,2021,753.4253904589011
2021-07-06,1542,2021,804.3011717196173
2021-07-07,293,2021,771.3139993506097
2021-07-08,1440,2021,814.4550316505704
2021-07-09,89,2021,767.6514812215014
2021-07-10,1323,2021,803.4804179168884
2021-07-11,985,2021,815.191358696444
2021-07-12,1788,2021,877.95320652248
2021-07-13,1329,2021,907.0529996500619
2021-07-14,1511,2021,946.0173222532837
2021-07-15,629,2021,925.5645917853301
2021-07-16,1803,2021,982.1733277991798
2021-07-17,1222,2021,997.6460163282651
2021-07-18,951,2021,994.63659591999
2021-07-19,621,2021,970.5310090864423
2021-07-20,150,2021,917.5935246292524
2021-07-21,836,2021,912.329426266075
2021-07-22,1801,2021,969.6630116682636
2021-07-23,285,2021,925.4912044638595
2021-07-24,249,2021,881.8466106274816
2021-07-25,382,2021,849.5984421999021
2021-07-26,1655,2021,901.559833025715
2021-07-27,328,2021,864.5559728305076
2021-07-28,176,2021,820.1330068414427
2021-07-29,1107,2021,838.640554787156
2021-07-30,1283,2021,867.3089060912105
2021-07-31,957,2021,873.0954282788744
2021-08-01,1608,2021,920.5086264544309
2021-08-02,1046,2021,928.6048441025322
2021-08-03,848,2021,923.4045315797882
2021-08-04,765,2021,913.1848843810923
2021-08-05,1509,2021,951.6245692597315
2021-08-06,1068,2021,959.1326615655553
2021-08-07,1001,2021,961.8337801742292
2021-08-08,1657,2021,1006.6832137113757
2021-08-09,310,2021,961.7359096009644
2021-08-10,267,2021,916.9142380138055
2021-08-11,844,2021,912.2100936258181
2021-08-12,1331,2021,939.2287972628621
2021-08-13,1360,2021,966.3753264717099
2021-08-14,724,2021,950.7382086348255
2021-08-15,129,2021,897.7228403358046
2021-08-16,1428,2021,931.9342699915592
2021-08-17,142,2021,880.9707687017811
2021-08-18,1649,2021,930.521041688763
2021-08-19,1657,2021,977.3906519023913
2021-08-20,1689,2021,1023.3009324248177
2021-08-21,506,2021,989.9266787199908
2021-08-22,212,2021,939.7378607380559
2021-08-23,548,2021,914.4644503678588
2021-08-24,959,2021,917.3377116344486
2021-08-25,65,2021,862.3481818515811
2021-08-26,1481,2021,902.2612023772856
2021-08-27,362,2021,867.4056409335898
2021-08-28,1732,2021,923.1859221636809
2021-08-29,874,2021,920.0126368627982
2021-08-30,1697,2021,970.140853839392
2021-08-31,581,2021,945.0349923013667
2021-09-01,672,2021,927.4198315077302
2021-09-02,607,2021,906.7475843136831
2021-09-03,409,2021,874.6348369386068
2021-09-04,61,2021,822.1422668135353
2021-09-05,1264,2021,850.6492173416943
2021-09-06,397,2021,821.3815259002947
2021-09-07,342,2021,790.4536855196307
2021-09-08,1673,2021,847.3921574215899
2021-09-09,562,2021,828.9797601685841
2021-09-10,241,2021,791.0455820931916
2021-09-11,1228,2021,819.2361897000825
2021-09-12,461,2021,796.1241774613676
2021-09-13,1040,2021,811.8581014961181
2021-09-14,498,2021,791.6091917221751
2021-09-15,1408,2021,831.3763406433252
2021-09-16,1546,2021,877.4810928598849
2021-09-17,1629,2021,925.9661836431183
2021-09-18,1530,2021,964.9361072790462
2021-09-19,860,2021,958.1660358416884
2021-09-20,1683,2021,1004.9295174002892
2021-09-21,445,2021,968.8050324067223
2021-09-22,1691,2021,1015.3982561224177
2021-09-23,445,2021,978.5983686306489
2021-09-24,1277,2021,997.8500867835103
2021-09-25,761,2021,982.5694360232839
2021-09-26,368,2021,942.9197949895237
2021-09-27,674,2021,925.5701307966513
2021-09-28,457,2021,895.3397997775126
2021-09-29,880,2021,894.3501352757376
2021-09-30,1126,2021,909.2952878385933
2021-10-01,789,2021,901.534301526426
2021-10-02,240,2021,858.8546691698825
2021-10-03,1368,2021,891.7027550298901
2021-10-04,12,2021,834.9477385763488
2021-10-05,618,2021,820.9511102811006
2021-10-06,653,2021,810.1155547790942
2021-10-07,129,2021,766.1726157610882
2021-10-08,416,2021,743.5808340990826
2021-10-09,851,2021,750.5111028668838
2021-10-10,495,2021,734.0265155851494
2021-10-11,152,2021,696.4764178054622
2021-10-12,580,2021,688.9618102051098
2021-10-13,1396,2021,734.5771772886512
2021-10-14,36,2021,689.507681979706
2021-10-15,85,2021,650.5071863681121
2021-10-16,1122,2021,680.9260775701695
2021-10-17,1469,2021,731.7695564366102
2021-10-18,641,2021,725.913456021345
2021-10-19,1607,2021,782.7577491812583
2021-10-20,1162,2021,807.2249911695643
2021-10-21,1180,2021,831.2749917392699
2021-10-22,798,2021,829.1282180786719
2021-10-23,412,2021,802.2167201381126
2021-10-24,758,2021,799.3640285162988
2021-10-25,1540,2021,847.1469944184731
2021-10-26,689,2021,836.9439625205072
2021-10-27,1063,2021,851.5282230030551
2021-10-28,1083,2021,866.4618860351161
2021-10-29,1499,2021,907.2707966134958
2021-10-30,192,2021,861.1242936061735
2021-10-31,495,2021,837.5033714380332
2021-11-01,881,2021,840.3096055388054
2021-11-02,172,2021,797.1928567943664
2021-11-03,810,2021,798.0191240979557
2021-11-04,798,2021,798.0178902851844
2021-11-05,234,2021,761.6296392990436
2021-11-06,932,2021,772.6212754732989
2021-11-07,400,2021,748.5811931846989
2021-11-08,1653,2021,806.9307936243957
2021-11-09,614,2021,794.4836456486283
2021-11-10,1626,2021,848.1298620583942
2021-11-11,774,2021,843.3472903126915
2021-11-12,143,2021,798.1635941634856
2021-11-13,570,2021,783.4433622819705
2021-11-14,1281,2021,815.5437905218434
2021-11-15,661,2021,805.5732233914019
2021-11-16,335,2021,775.2136605919567
2021-11-17,592,2021,763.3934244247338
2021-11-18,232,2021,729.1099776876542
2021-11-19,1196,2021,759.2319146110314
2021-11-20,877,2021,766.8298556038682
2021-11-21,1522,2021,815.550510081038
2021-11-22,451,2021,792.0311223338744
2021-11-23,1099,2021,811.8355660542695
2021-11-24,1516,2021,857.2655295346392
2021-11-25,1310,2021,886.4742050485335
2021-11-26,1390,2021,918.9597402066926
2021-11-27,903,2021,917.9300795481963
2021-11-28,1322,2021,943.9991066741192
2021-11-29,313,2021,903.2894868886922
2021-11-30,1174,2021,920.7546812829702
2021-12-01,1461,2021,955.6092179743915
2021-12-02,515,2021,927.1828168147534
2021-12-03,816,2021,920.0097318589629
2021-12-04,1045,2021,928.0736201261267
2021-12-05,697,2021,913.1656446341186
2021-12-06,36,2021,856.57431272224
2021-12-07,1657,2021,908.2146796433859
2021-12-08,1596,2021,952.5879261180063
2021-12-09,1223,2021,970.0338663684576
2021-12-10,1245,2021,987.7736169253312
2021-12-11,1249,2021,1004.6269319624067
2021-12-12,141,2021,948.909065384187
2021-12-13,1704,2021,997.6246095529491
2021-12-14,1021,2021,999.1326992592105
2021-12-15,1550,2021,1034.672525113455
2021-12-16,65,2021,972.1130073642
2021-12-17,572,2021,946.2992649536066
2021-12-18,847,2021,939.8928607630513
2021-12-19,1544,2021,978.8675149073706
2021-12-20,926,2021,975.4567074939919
2021-12-21,780,2021,962.8465973330892
2021-12-22,1613,2021,1004.7919781503094
2021-12-23,148,2021,949.5150763341604
2021-12-24,22,2021,889.675393990021
2021-12-25,1069,2021,901.2447234100198
2021-12-26,1356,2021,930.5837735125992
2021-12-27,1122,2021,942.9332074795284
2021-12-28,1037,2021,949.0020328034299
2021-12-29,827,2021,941.1309339128861
2021-12-30,679,2021,924.219260757216
2021-12-31,855,2021,919.753501998686
2022-01-01,2961,2022,1051.4468244503837
2022-01-02,2360,2022,1135.8696099697138
2022-01-03,108,2022,1069.555441584571
2022-01-04,1189,2022,1077.261542127502
2022-01-05,202,2022,1020.7930555386309
2022-01-06,1545,2022,1054.6128584071064
2022-01-07,1827,2022,1104.4442868969704
2022-01-08,836,2022,1087.1253006455531
2022-01-09,301,2022,1036.407539313582
2022-01-10,585,2022,1007.2844722610929
2022-01-11,758,2022,991.201603082958
2022-01-12,2602,2022,1095.1240803034125
2022-01-13,1482,2022,1120.083817058031
2022-01-14,1644,2022,1153.8848611188032
2022-01-15,1236,2022,1159.1826120143644
2022-01-16,1196,2022,1161.5579273682765
2022-01-17,476,2022,1117.3283836670976
2022-01-18,2069,2022,1178.7265524627687
2022-01-19,2263,2022,1248.6796781103321
2022-01-20,2244,2022,1312.8938924257945
2022-01-21,2970,2022,1419.803963882195
2022-01-22,1661,2022,1435.3649984704405
2022-01-23,2492,2022,1503.5349985691219
2022-01-24,962,2022,1468.5972567259528
2022-01-25,1869,2022,1494.4296917758913
2022-01-26,2067,2022,1531.3697116613178
2022-01-27,634,2022,1473.474891554136
2022-01-28,575,2022,1415.5087695183854
2022-01-29,2023,2022,1454.7017521301025
2022-01-30,588,2022,1398.7855100571928
2022-01-31,2387,2022,1462.5412836018902
2022-02-01,2467,2022,1527.345071756607
2022-02-02,880,2022,1485.5808735787614
2022-02-03,1444,2022,1482.8982365736802
2022-02-04,779,2022,1437.4854471173137
2022-02-05,2964,2022,1535.970256980713
2022-02-06,448,2022,1465.7786274980865
2022-02-07,181,2022,1382.8896837885327
2022-02-08,2336,2022,1444.380671931208
2022-02-09,1096,2022,1421.9044995485497
2022-02-10,3010,2022,1524.362273771224
2022-02-11,442,2022,1454.5324496569515
2022-02-12,2374,2022,1513.852936775858
2022-02-13,2787,2022,1595.9914569838672
2022-02-14,2755,2022,1670.7662016945856
2022-02-15,2150,2022,1701.684511262677
2022-02-16,2572,2022,1757.833897632827
2022-02-17,882,2022,1701.3284848823223
2022-02-18,2806,2022,1772.5976148899144
2022-02-19,168,2022,1669.0751881228232
2022-02-20,19,2022,1562.6187243729637
2022-02-21,554,2022,1497.546548606966
2022-02-22,1669,2022,1508.6080616000652
2022-02-23,2054,2022,1543.7946382710288
2022-02-24,558,2022,1480.194984189027
2022-02-25,3050,2022,1581.4727271445738
2022-02-26,152,2022,1489.2486802320207
2022-02-27,8,2022,1393.6842492493097
2022-02-28,333,2022,1325.2530073622574
2022-03-01,2587,2022,1406.6560391453377
2022-03-02,2364,2022,1468.4201656520902
2022-03-03,1583,2022,1475.812413029375
2022-03-04,17,2022,1381.695483156512
2022-03-05,1324,2022,1377.973193920608
2022-03-06,1440,2022,1381.9749233450852
2022-03-07,1669,2022,1400.4926702260477
2022-03-08,726,2022,1356.9770140824317
2022-03-09,2510,2022,1431.365593819049
2022-03-10,91,2022,1344.8903942178201
2022-03-11,1019,2022,1323.8652074940899
2022-03-12,1699,2022,1348.0674521718904
2022-03-13,1429,2022,1353.2889068704783
2022-03-14,2629,2022,1435.5928483627056
2022-03-15,2274,2022,1489.6836323393054
2022-03-16,2648,2022,1564.4137205754791
2022-03-17,1078,2022,1533.032190215771
2022-03-18,2900,2022,1621.2236618147535
2022-03-19,644,2022,1558.1769739557371
2022-03-20,1560,2022,1558.2945885392382
2022-03-21,274,2022,1475.4368731496102
2022-03-22,2301,2022,1528.6990103657645
2022-03-23,724,2022,1476.7829451808766
2022-03-24,907,2022,1440.0227551692071
2022-03-25,1196,2022,1424.2793516099036
2022-03-26,263,2022,1349.3581031189422
2022-03-27,695,2022,1307.1414513048169
2022-03-28,690,2022,1267.3258738012803
2022-03-29,1776,2022,1300.143559362488
2022-03-30,1078,2022,1285.8117168229728
2022-03-31,1156,2022,1277.436767350523
2022-04-01,2205,2022,1337.279556553715
2022-04-02,1171,2022,1326.551843227669
2022-04-03,1764,2022,1354.7743049549163
2022-04-04,2016,2022,1397.4340272158895
2022-04-05,2954,2022,1497.8576383632515
2022-04-06,1003,2022,1465.9313391140095
2022-04-07,343,2022,1393.484155945364
2022-04-08,1661,2022,1410.7432426585665
2022-04-09,982,2022,1383.0823882934976
2022-04-10,1821,2022,1411.3351374358526
2022-04-11,1982,2022,1448.152225343217
2022-04-12,1723,2022,1465.8843398372032
2022-04-13,3070,2022,1569.3756727509322
2022-04-14,3000,2022,1661.6740164444204
2022-04-15,2219,2022,1697.6305315125226
2022-04-16,3033,2022,1783.7834004471988
2022-04-17,563,2022,1705.0231810635087
2022-04-18,2491,2022,1755.7313629303792
2022-04-19,1245,2022,1722.780952418742
2022-04-20,909,2022,1670.2789554885007
2022-04-21,1596,2022,1665.4867648118234
2022-04-22,1571,2022,1659.390844501383
2022-04-23,2578,2022,1718.6559513077455
2022-04-24,1177,2022,1683.7104060620845
2022-04-25,162,2022,1585.5355411548535
2022-04-26,1152,2022,1557.5655062416372
2022-04-27,3087,2022,1656.238699387338
2022-04-28,959,2022,1611.2555574913808
2022-04-29,415,2022,1534.077779588711
2022-04-30,185,2022,1447.0405034862138
2022-05-01,87,2022,1359.2959548741999
2022-05-02,216,2022,1285.5349255274775
2022-05-03,457,2022,1232.0810593644146
2022-05-04,641,2022,1193.9467974699362
2022-05-05,2952,2022,1307.3695847299405
2022-05-06,1688,2022,1331.9263857151057
2022-05-07,2759,2022,1423.9956511528408
2022-05-08,2541,2022,1496.0604478526577
2022-05-09,2599,2022,1567.2178383137768
2022-05-10,3037,2022,1662.0424939064364
2022-05-11,2167,2022,1694.6203975253761
2022-05-12,139,2022,1594.2577912334166
2022-05-13,592,2022,1529.5959982506156
2022-05-14,1893,2022,1553.041417718318
2022-05-15,2447,2022,1610.7161649622976
2022-05-16,2012,2022,1636.6054446421495
2022-05-17,1449,2022,1624.5018675684626
2022-05-18,2547,2022,1684.0178761124328
2022-05-19,1196,2022,1652.5328518471147
2022-05-20,1827,2022,1663.7887968892364
2022-05-21,2447,2022,1714.3185519286408
2022-05-22,2867,2022,1788.6850969655027
2022-05-23,228,2022,1687.9957358709541
2022-05-24,2703,2022,1753.479881943796
2022-05-25,2510,2022,1802.2876314958094
2022-05-26,1268,2022,1767.8174617218863
2022-05-27,2213,2022,1796.5389158043454
2022-05-28,874,2022,1737.020276075033
2022-05-29,2780,2022,1804.3092905218052
2022-05-30,446,2022,1716.6764330687856
2022-05-31,1497,2022,1702.5037599675736
2022-06-01,66,2022,1596.9228722277303
2022-06-02,2726,2022,1669.7665578904575
2022-06-03,1409,2022,1652.9429089942992
2022-06-04,145,2022,1555.6562697043444
2022-06-05,10,2022,1455.9365103685805
2022-06-06,2921,2022,1550.4567355060915
2022-06-07,2582,2022,1617.0079138605372
2022-06-08,2995,2022,1705.9106290953414
2022-06-09,1877,2022,1716.9486530246743
2022-06-10,698,2022,1651.2100302488889
2022-06-11,10,2022,1545.3255121683155
2022-06-12,419,2022,1472.6593500929405
2022-06-13,1284,2022,1460.4877791192023
2022-06-14,1511,2022,1463.746632079254
2022-06-15,1167,2022,1444.6016880741408
2022-06-16,1522,2022,1449.5951275532286
2022-06-17,1756,2022,1469.3631838401172
2022-06-18,714,2022,1420.630075205271
2022-06-19,1956,2022,1455.1700703533181
2022-06-20,978,2022,1424.3849045240718
2022-06-21,411,2022,1359.0052332644543
2022-06-22,1445,2022,1364.5532827312638
2022-06-23,2229,2022,1420.3240386840855
2022-06-24,2474,2022,1488.3031329625317
2022-06-25,2317,2022,1541.7674469649492
2022-06-26,824,2022,1495.4598697414042
2022-06-27,1300,2022,1482.8495555645395
2022-06-28,2398,2022,1541.891519721666
2022-06-29,1584,2022,1544.6081958686555
2022-06-30,1237,2022,1524.7625058126132
2022-07-01,1912,2022,1549.745569953735
2022-07-02,275,2022,1467.5039202793005
2022-07-03,1566,2022,1473.8585060677328
2022-07-04,755,2022,1427.4805379343309
2022-07-05,2030,2022,1466.3527612934065
2022-07-06,161,2022,1382.1364541131868
2022-07-07,268,2022,1310.256682880078
2022-07-08,138,2022,1234.6272194684602
2022-07-09,1945,2022,1280.457721438237
2022-07-10,315,2022,1218.170126506738
2022-07-11,880,2022,1196.3526989901743
2022-07-12,2622,2022,1288.3299442166149
2022-07-13,1615,2022,1309.4054316865108
2022-07-14,1365,2022,1312.9921780293166
2022-07-15,1881,2022,1349.637843962909
2022-07-16,1818,2022,1379.8547572556247
2022-07-17,1233,2022,1370.38025678752
2022-07-18,2544,2022,1446.0976595754219
2022-07-19,1030,2022,1419.2526492802335
2022-07-20,1447,2022,1421.0428009395732
2022-07-21,1956,2022,1455.5561686208912
2022-07-22,701,2022,1406.8751254840597
2022-07-23,744,2022,1364.108988356056
2022-07-24,47,2022,1279.13421491373
2022-07-25,170,2022,1207.5771687902636
2022-07-26,882,2022,1186.572190158634
2022-07-27,838,2022,1164.0836617613027
2022-07-28,1948,2022,1214.658909389606
2022-07-29,2519,2022,1298.8099474935025
2022-07-30,534,2022,1249.4673702358573
2022-07-31,49,2022,1172.0178624787054
2022-08-01,637,2022,1137.5005810284663
2022-08-02,1034,2022,1130.8231241879203
2022-08-03,1351,2022,1145.028083917732
2022-08-04,2084,2022,1205.6069172133623
2022-08-05,1983,2022,1255.76130965121
2022-08-06,1362,2022,1262.6154187059706
2022-08-07,2402,2022,1336.1241013701017
2022-08-08,257,2022,1266.5031916042888
2022-08-09,1131,2022,1257.7610502104637
2022-08-10,360,2022,1199.84098245495
2022-08-11,965,2022,1184.6899513288245
2022-08-12,272,2022,1125.8067286624487
2022-08-13,362,2022,1076.5288752003553
2022-08-14,1552,2022,1107.204431639042
2022-08-15,1177,2022,1111.7073715332974
2022-08-16,887,2022,1097.2101217569557
2022-08-17,989,2022,1090.2288235790877
2022-08-18,1068,2022,1088.794705928824
2022-08-19,480,2022,1049.5176281269644
2022-08-20,1036,2022,1048.6455230865151
2022-08-21,1588,2022,1083.4425861131917
2022-08-22,1829,2022,1131.5430644284697
2022-08-23,1208,2022,1136.4757699492138
2022-08-24,820,2022,1116.0579783395872
2022-08-25,2959,2022,1234.957463608001
2022-08-26,1673,2022,1263.218272407485
2022-08-27,1231,2022,1261.1396741876474
2022-08-28,1776,2022,1294.3564694013476
2022-08-29,1827,2022,1328.720568149648
2022-08-30,1226,2022,1322.0934347206385
2022-08-31,1904,2022,1359.63579377092
2022-09-01,570,2022,1308.6915490115057
2022-09-02,994,2022,1288.3888684301182
2022-09-03,422,2022,1232.4928124023688
2022-09-04,107,2022,1159.8803728925388
2022-09-05,123,2022,1092.984864963988
2022-09-06,2591,2022,1189.631002708247
2022-09-07,737,2022,1160.4290025335215
2022-09-08,2372,2022,1238.5948733378104
2022-09-09,393,2022,1184.0403653805324
2022-09-10,1331,2022,1193.5216321301755
2022-09-11,983,2022,1179.9395913475837
2022-09-12,2481,2022,1263.8789725509655
2022-09-13,1941,2022,1307.5642001283227
2022-09-14,2678,2022,1395.9794130232697
2022-09-15,1472,2022,1400.8839670217685
2022-09-16,668,2022,1353.6011304397189
2022-09-17,1106,2022,1337.626863959737
2022-09-18,616,2022,1291.0702920913668
2022-09-19,2924,2022,1396.4205958274079
2022-09-20,2941,2022,1496.0708799675751
2022-09-21,2122,2022,1536.453403840635
2022-09-22,2465,2022,1596.3596358509167
2022-09-23,788,2022,1544.2074012798898
2022-09-24,2533,2022,1608.0004721650585
2022-09-25,13,2022,1505.097215896345
2022-09-26,2642,2022,1578.44578261271
2022-09-27,2698,2022,1650.6750869602772
2022-09-28,2486,2022,1704.5670168338079
2022-09-29,1948,2022,1720.2723705864655
2022-09-30,604,2022,1648.2547982905646
2022-10-01,1777,2022,1656.5609403363349
2022-10-02,2299,2022,1698.0086216049585
2022-10-03,381,2022,1613.0403234368966
2022-10-04,158,2022,1519.1667541829036
2022-10-05,2755,2022,1598.8979313323937
2022-10-06,373,2022,1519.8077422141748
2022-10-07,430,2022,1449.4975652971314
2022-10-08,1831,2022,1474.1106256005423
2022-10-09,237,2022,1394.2970368521203
2022-10-10,1455,2022,1398.2133570552096
2022-10-11,1207,2022,1385.8770114387444
2022-10-12,527,2022,1330.4655913459223
2022-10-13,2123,2022,1381.5968435171533
2022-10-14,2565,2022,1457.9454342579822
2022-10-15,2399,2022,1518.65863204779
2022-10-16,1003,2022,1485.3903332059972
2022-10-17,2490,2022,1550.2038600959331
2022-10-18,1738,2022,1562.3197400897438
2022-10-19,818,2022,1514.2991116968572
2022-10-20,160,2022,1426.9249754583502
2022-10-21,1357,2022,1422.4136867191019
2022-10-22,2054,2022,1463.1611908017405
2022-10-23,284,2022,1387.0862752661444
2022-10-24,900,2022,1355.661354281232
2022-10-25,438,2022,1296.4573959405075
2022-10-26,2263,2022,1358.8149832991844
2022-10-27,2200,2022,1413.0849843766566
2022-10-28,152,2022,1331.724662803969
2022-10-29,1086,2022,1315.8714587521001
2022-10-30,1544,2022,1330.5894291551904
2022-10-31,808,2022,1296.8739821129202
2022-11-01,1451,2022,1306.817596170151
2022-11-02,1702,2022,1332.3132351269155
2022-11-03,241,2022,1261.9059296348564
2022-11-04,2723,2022,1356.1700632068014
2022-11-05,2490,2022,1429.3203817095887
2022-11-06,2707,2022,1511.7513248250993
2022-11-07,1222,2022,1493.0576909654155
2022-11-08,604,2022,1435.6991302579695
2022-11-09,1094,2022,1413.654025080036
2022-11-10,47,2022,1325.4827976555177
2022-11-11,1811,2022,1356.8064881293553
2022-11-12,1994,2022,1397.9157469597196
2022-11-13,1141,2022,1381.3405374784475
2022-11-14,531,2022,1326.4798576411283
2022-11-15,586,2022,1278.7069635997652
2022-11-16,296,2022,1215.3065143352642
2022-11-17,2719,2022,1312.3189972813764
2022-11-18,729,2022,1274.6855135858038
2022-11-19,2231,2022,1336.3832223867198
2022-11-20,792,2022,1301.2617241682217
2022-11-21,2958,2022,1408.1480645444653
2022-11-22,474,2022,1347.8804474770805
2022-11-23,2877,2022,1446.5333218333978
2022-11-24,685,2022,1397.4021397796305
2022-11-25,1051,2022,1375.0536146325576
2022-11-26,804,2022,1338.211445946586
2022-11-27,1570,2022,1353.1655462080967
2022-11-28,2433,2022,1422.8322851624132
2022-11-29,1627,2022,1436.0043957970963
2022-11-30,2994,2022,1536.5202412295419
2022-12-01,1451,2022,1531.002806311507
2022-12-02,1422,2022,1523.9703671946356
2022-12-03,2958,2022,1616.4884080207883
2022-12-04,2518,2022,1674.6504462129956
2022-12-05,1483,2022,1662.2859012960282
2022-12-06,2135,2022,1692.7835850833812
2022-12-07,1218,2022,1662.1523860457437
2022-12-08,630,2022,1595.5619095266636
2022-12-09,796,2022,1543.9772702023627
2022-12-10,409,2022,1470.752930189307
2022-12-11,2143,2022,1514.1237088867713
2022-12-12,2342,2022,1567.5350825069795
2022-12-13,2907,2022,1653.952173958142
2022-12-14,113,2022,1554.53590467052
2022-12-15,2052,2022,1586.6303624337124
2022-12-16,2409,2022,1639.6864680831504
2022-12-17,2968,2022,1725.3841153035924
2022-12-18,1201,2022,1691.5528820581994
2022-12-19,1801,2022,1698.6139864415416
2022-12-20,2664,2022,1760.8969550582165
2022-12-21,1933,2022,1772.0003773125252
2022-12-22,1039,2022,1724.7100303891366
2022-12-23,2624,2022,1782.7287381059666
2022-12-24,1992,2022,1796.2301098410655
2022-12-25,2569,2022,1846.0862317868034
2022-12-26,1621,2022,1831.5645394134613
2022-12-27,1746,2022,1826.044246548077
2022-12-28,1963,2022,1834.8801016094915
2022-12-29,1732,2022,1828.2426756992018
2022-12-30,1161,2022,1785.194761137963
2022-12-31,1444,2022,1763.182195903256
2023-01-01,1970,2023,1776.5252800385297
2023-01-02,1336,2023,1748.1042942295924
2023-01-03,1879,2023,1756.5491784728447
2023-01-04,2066,2023,1776.5137476036289
2023-01-05,3062,2023,1859.448344532427
2023-01-06,423,2023,1766.7742577883996
2023-01-07,2885,2023,1838.917854060116
2023-01-08,461,2023,1750.0199279917215
2023-01-09,920,2023,1696.470255218062
2023-01-10,3434,2023,1808.5689484298
2023-01-11,1968,2023,1818.8548227246517
2023-01-12,1955,2023,1827.6383825488679
2023-01-13,2367,2023,1862.4359062553926
2023-01-14,1784,2023,1857.3755252066576
2023-01-15,1393,2023,1827.4158139030023
2023-01-16,3198,2023,1915.8406001028086
2023-01-17,1860,2023,1912.2379807413372
2023-01-18,692,2023,1833.5129497257672
2023-01-19,2003,2023,1844.4475981305566
2023-01-20,2188,2023,1866.6122692189078
2023-01-21,288,2023,1764.7663163660752
2023-01-22,1637,2023,1756.5233282134252
2023-01-23,3361,2023,1860.0379521996558
2023-01-24,1711,2023,1850.4226004448394
2023-01-25,1260,2023,1812.330819770979
2023-01-26,2350,2023,1847.019153979303
2023-01-27,1580,2023,1829.79211178709
2023-01-28,1717,2023,1822.5152013492134
2023-01-29,396,2023,1730.48196255249
2023-01-30,3321,2023,1833.0960294845875
2023-01-31,3678,2023,1952.1220920984852
2023-02-01,1881,2023,1947.5335700276153
2023-02-02,2546,2023,1986.1443074451886
2023-02-03,629,2023,1898.5866101906604
2023-02-04,2226,2023,1919.7100546944887
2023-02-05,3821,2023,2042.373922133554
2023-02-06,3784,2023,2154.736894899131
2023-02-07,3834,2023,2263.0764500669293
2023-02-08,3495,2023,2342.555388772289
2023-02-09,1294,2023,2274.9066540127865
2023-02-10,2723,2023,2303.815902140994
2023-02-11,19,2023,2156.40842458351
2023-02-12,1002,2023,2081.930461707155
2023-02-13,1073,2023,2016.8381738550804
2023-02-14,867,2023,1942.6550658644303
2023-02-15,91,2023,1823.1934487118865
2023-02-16,32,2023,1707.6325810530552
2023-02-17,2628,2023,1767.0111242109226
2023-02-18,3365,2023,1870.1071807134438
2023-02-19,1866,2023,1869.8422013125767
2023-02-20,1988,2023,1877.465285098862
2023-02-21,3173,2023,1961.0481699311938
2023-02-22,2193,2023,1976.0128041291814
2023-02-23,274,2023,1866.205526443428
2023-02-24,1787,2023,1861.095492479336
2023-02-25,3590,2023,1972.6377187709916
2023-02-26,1319,2023,1930.4675433664115
2023-02-27,528,2023,1839.9857663750302
2023-02-28,2351,2023,1872.9544266088994
2023-03-01,2896,2023,1938.95736682768
2023-03-02,2007,2023,1943.3472141291202
2023-03-03,2834,2023,2000.808684185306
2023-03-04,200,2023,1884.6274787539962
2023-03-05,598,2023,1801.6192543182547
2023-03-06,2218,2023,1828.482528233206
2023-03-07,3091,2023,1909.935268347193
2023-03-08,362,2023,1810.0684768409224
2023-03-09,3474,2023,1917.4188976898954
2023-03-10,2449,2023,1951.7144526776442
2023-03-11,3792,2023,2070.4425525048932
2023-03-12,1345,2023,2023.639807181997
2023-03-13,93,2023,1899.0824002670295
2023-03-14,3596,2023,2008.5609550885115
2023-03-15,3695,2023,2117.363474115059
2023-03-16,65,2023,1984.9529273979585
2023-03-17,3058,2023,2054.181770791639
2023-03-18,663,2023,1964.4281081599204
2023-03-19,1928,2023,1962.077907633474
2023-03-20,2893,2023,2022.1373974635726
2023-03-21,3091,2023,2091.096275046568
2023-03-22,890,2023,2013.6061927854992
2023-03-23,1898,2023,2006.147728734822
2023-03-24,1448,2023,1970.1381978487047
2023-03-25,2111,2023,1979.2260560520142
2023-03-26,3537,2023,2079.727600822852
2023-03-27,3344,2023,2161.2935620600874
2023-03-28,3493,2023,2247.2101064433077
2023-03-29,3077,2023,2300.7449382856753
2023-03-30,1888,2023,2274.1162325898254
2023-03-31,109,2023,2134.431314358224
2023-04-01,1510,2023,2094.145423109306
2023-04-02,863,2023,2014.7166861345124
2023-04-03,2476,2023,2044.476899932286
2023-04-04,3189,2023,2118.317099936655
2023-04-05,1240,2023,2061.6514805859033
2023-04-06,2242,2023,2073.2868689352
2023-04-07,2652,2023,2110.6231999716388
2023-04-08,377,2023,1998.7765419089524
2023-04-09,1187,2023,1946.403861785794
2023-04-10,96,2023,1827.0229674770333
2023-04-11,1645,2023,1815.2795502204503
2023-04-12,1202,2023,1775.7131276255827
2023-04-13,1673,2023,1769.086474230384
2023-04-14,1375,2023,1743.6615404090692
2023-04-15,2694,2023,1804.973699092355
2023-04-16,373,2023,1712.5882991509127
2023-04-17,1632,2023,1707.3890540444022
2023-04-18,1354,2023,1684.589760235086
2023-04-19,4091,2023,1839.8420337683065
2023-04-20,3440,2023,1943.0780315897061
2023-04-21,4082,2023,2081.072997293596
2023-04-22,2311,2023,2095.906997468203
2023-04-23,1936,2023,2085.5904169863834
2023-04-24,1893,2023,2073.1652287937136
2023-04-25,1328,2023,2025.0900527425065
2023-04-26,375,2023,1918.6326299849256
2023-04-27,3765,2023,2037.7531054697693
2023-04-28,1633,2023,2011.6400018910745
2023-04-29,1414,2023,1973.0825824142312
2023-04-30,1075,2023,1915.1417706455711
2023-05-01,3913,2023,2044.0358499587603
2023-05-02,81,2023,1917.3883757678727
2023-05-03,2499,2023,1954.911706363494
2023-05-04,2677,2023,2001.49804788843
2023-05-05,401,2023,1898.2401093149829
2023-05-06,1253,2023,1856.6117151656292
2023-05-07,2853,2023,1920.8948303162338
2023-05-08,2641,2023,1967.3532283603477
2023-05-09,3397,2023,2059.5885039500026
2023-05-10,129,2023,1935.0344069209702
2023-05-11,4035,2023,2070.5160580873594
2023-05-12,1947,2023,2062.5472801462397
2023-05-13,3103,2023,2129.6732620722887
2023-05-14,3639,2023,2227.0491806482705
2023-05-15,617,2023,2123.1750399612856
2023-05-16,1810,2023,2102.970198673461
2023-05-17,3647,2023,2202.5850245654956
2023-05-18,2619,2023,2229.4505068515928
2023-05-19,1587,2023,2188.002087054716
2023-05-20,1366,2023,2134.969694341509
2023-05-21,3069,2023,2195.229714061412
2023-05-22,2399,2023,2208.376184121966
2023-05-23,1814,2023,2182.932559339904
2023-05-24,3382,2023,2260.29174905991
2023-05-25,3431,2023,2335.8213136366903
2023-05-26,206,2023,2198.4134869504524
2023-05-27,1450,2023,2150.128745856875
2023-05-28,713,2023,2057.4107622532056
2023-05-29,1347,2023,2011.577809849773
2023-05-30,3129,2023,2083.669564053014
2023-05-31,861,2023,2004.787656694755
2023-06-01,1441,2023,1968.4142594886418
2023-06-02,326,2023,1862.4520491990522
2023-06-03,3011,2023,1936.551916992662
2023-06-04,1493,2023,1907.935664283458
2023-06-05,1761,2023,1898.455944007106
2023-06-06,4042,2023,2036.7491089098735
2023-06-07,3838,2023,2152.958843818914
2023-06-08,1326,2023,2099.606660346726
2023-06-09,2761,2023,2142.277198388873
2023-06-10,356,2023,2027.033508170236
2023-06-11,1407,2023,1987.0313463528016
2023-06-12,411,2023,1885.351904652621
2023-06-13,2028,2023,1894.5550075782585
2023-06-14,677,2023,1816.0030716054678
2023-06-15,2307,2023,1847.6802927922117
2023-06-16,285,2023,1746.8622093862627
2023-06-17,182,2023,1645.9033571677942
2023-06-18,2527,2023,1702.7483018666462
2023-06-19,3575,2023,1823.538734004282
2023-06-20,1925,2023,1830.0846221330382
2023-06-21,953,2023,1773.498517479294
2023-06-22,525,2023,1692.950226029017
2023-06-23,3493,2023,1809.082469511016
2023-06-24,2388,2023,1846.4319876070795
2023-06-25,1915,2023,1850.8557303421067
2023-06-26,2900,2023,1918.5424574168094
2023-06-27,848,2023,1849.4752020995961
2023-06-28,1919,2023,1853.9606729318803
2023-06-29,1133,2023,1807.4470811298236
2023-06-30,95,2023,1696.9666242827384
2023-07-01,2856,2023,1771.742971103207
2023-07-02,1845,2023,1776.4692310320324
2023-07-03,1399,2023,1752.1163774170627
2023-07-04,1386,2023,1728.4959659708009
2023-07-05,2511,2023,1778.9800971984912
2023-07-06,26,2023,1665.8846070566533
2023-07-07,1078,2023,1627.956567891708
2023-07-08,1102,2023,1594.023886092243
2023-07-09,3110,2023,1691.8287966669368
2023-07-10,1025,2023,1648.8075839787475
2023-07-11,3242,2023,1751.5941914639898
2023-07-12,3033,2023,1834.2655339501841
2023-07-13,2765,2023,1894.312918856624
2023-07-14,2213,2023,1914.8733757045839
2023-07-15,2318,2023,1940.8815450139657
2023-07-16,2933,2023,2004.8891872711292
2023-07-17,353,2023,1898.3156913181533
2023-07-18,443,2023,1804.4243563944015
2023-07-19,162,2023,1698.461494691537
2023-07-20,1971,2023,1716.0446240662766
2023-07-21,160,2023,1615.6546483200652
2023-07-22,635,2023,1552.3866064929643
2023-07-23,3406,2023,1671.974567364386
2023-07-24,1938,2023,1689.1374985021678
2023-07-25,2251,2023,1725.3866921471893
2023-07-26,489,2023,1645.6198087828545
2023-07-27,2901,2023,1726.6120791839608
2023-07-28,2759,2023,1793.2177514946732
2023-07-29,1991,2023,1805.977896559533
2023-07-30,694,2023,1734.2373871040793
2023-07-31,2762,2023,1800.5446524522033
2023-08-01,865,2023,1740.186932939158
2023-08-02,792,2023,1679.0135824269541
2023-08-03,2847,2023,1754.3675448510219
2023-08-04,1058,2023,1709.4406064735367
2023-08-05,57,2023,1602.8315350881473
2023-08-06,71,2023,1504.0036941147184
2023-08-07,2976,2023,1598.9711977202205
2023-08-08,2416,2023,1651.6827333511742
2023-08-09,570,2023,1581.8967505543244
2023-08-10,1382,2023,1569.0001860024327
2023-08-11,1021,2023,1533.6453352925982
2023-08-12,2929,2023,1623.6682168866244
2023-08-13,1614,2023,1623.0444609584551
2023-08-14,2229,2023,1662.138366703071
2023-08-15,3372,2023,1772.452020464163
2023-08-16,3337,2023,1873.3905997890558
2023-08-17,3280,2023,1964.1395933510523
2023-08-18,1005,2023,1902.2596195864683
2023-08-19,1790,2023,1895.0170634841156
2023-08-20,2552,2023,1937.4030593883663
2023-08-21,2129,2023,1949.7641523310524
2023-08-22,2996,2023,2017.2632392774362
2023-08-23,2401,2023,2042.020449646634
2023-08-24,1504,2023,2007.3094528952383
2023-08-25,114,2023,1885.1604559342552
2023-08-26,406,2023,1789.7307490997873
2023-08-27,822,2023,1727.2965072223817
2023-08-28,495,2023,1647.7935067564217
2023-08-29,85,2023,1546.9681192237495
2023-08-30,1220,2023,1525.8734018544753
2023-08-31,2568,2023,1593.1073759283804
2023-09-01,2476,2023,1650.0681903846141
2023-09-02,595,2023,1581.9992748759296
2023-09-03,1214,2023,1558.2573861742567
2023-09-04,2986,2023,1650.369812872692
2023-09-05,365,2023,1567.442728171228
2023-09-06,1051,2023,1534.1238424827618
2023-09-07,2738,2023,1611.793272000003
2023-09-08,3061,2023,1705.2904802580674
2023-09-09,2726,2023,1771.1427073381924
2023-09-10,2805,2023,1837.8431778325028
2023-09-11,217,2023,1733.2726502304058
2023-09-12,3370,2023,1838.867963118767
2023-09-13,35,2023,1722.48938485304
2023-09-14,585,2023,1649.1029729270376
2023-09-15,256,2023,1559.2253617704546
2023-09-16,792,2023,1509.726951333651
2023-09-17,371,2023,1436.2606964088993
2023-09-18,2921,2023,1532.0503288986479
2023-09-19,1604,2023,1536.6922431632513
2023-09-20,3388,2023,1656.1314532817512
2023-09-21,3183,2023,1754.639101457122
2023-09-22,1411,2023,1732.4688368469851
2023-09-23,97,2023,1626.954718340728
2023-09-24,639,2023,1563.2157042542296
2023-09-25,1593,2023,1565.1372717216989
2023-09-26,2637,2023,1634.28970580417
2023-09-27,2393,2023,1683.2387570426108
2023-09-28,2998,2023,1768.0620630398619
2023-09-29,1738,2023,1766.1225751018064
2023-09-30,2325,2023,1802.1791831597545
2023-10-01,3019,2023,1880.6837519881576
2023-10-02,2090,2023,1894.1880260534379
2023-10-03,2854,2023,1956.1113792112806
2023-10-04,1193,2023,1906.8783870041013
2023-10-05,2307,2023,1932.69268461674
2023-10-06,141,2023,1817.0996081898536
2023-10-07,1832,2023,1818.0609237905085
2023-10-08,123,2023,1708.7021545137015
2023-10-09,2715,2023,1773.624596157979
2023-10-10,1997,2023,1788.0359125348837
2023-10-11,2983,2023,1865.1303697906978
2023-10-12,2892,2023,1931.3800233525883
2023-10-13,2747,2023,1984.00066700726
2023-10-14,537,2023,1890.6457852648564
2023-10-15,1017,2023,1834.2815410542205
2023-10-16,3102,2023,1916.069828728142
2023-10-17,2820,2023,1974.3879042940684
2023-10-18,543,2023,1882.040297565419
2023-10-19,241,2023,1776.1667299805533
2023-10-20,811,2023,1713.8979086914853
2023-10-21,680,2023,1647.1948178081636
2023-10-22,358,2023,1564.0209585947337
2023-10-23,1116,2023,1535.11638062088
2023-10-24,3025,2023,1631.237904451791
2023-10-25,2633,2023,1695.8677170678047
2023-10-26,1019,2023,1652.1988320956884
2023-10-27,1631,2023,1650.8311655088698
2023-10-28,813,2023,1596.7775419276525
2023-10-29,123,2023,1501.6951198678041
2023-10-30,1615,2023,1509.0051121343975
2023-10-31,887,2023,1468.8757500612107
2023-11-01,479,2023,1405.0127984443586
2023-11-02,1118,2023,1386.4958437060131
2023-11-03,2202,2023,1439.1090150798188
2023-11-04,3017,2023,1540.908433461766
2023-11-05,2200,2023,1583.43047001262
2023-11-06,1370,2023,1569.6607622698705
2023-11-07,1861,2023,1588.4568421234274
2023-11-08,2937,2023,1675.4596265025612
2023-11-09,2112,2023,1703.6235215669121
2023-11-10,1394,2023,1683.6478104980793
2023-11-11,1251,2023,1655.7350485304614
2023-11-12,1138,2023,1622.3327873349479
2023-11-13,1044,2023,1585.020994603661
2023-11-14,36,2023,1485.0841562421344
2023-11-15,2844,2023,1572.7561461619969
2023-11-16,2215,2023,1614.1912335063844
2023-11-17,2806,2023,1691.082121667263
2023-11-18,1883,2023,1703.4639202693752
2023-11-19,935,2023,1653.8856028326413
2023-11-20,1939,2023,1672.280080069245
2023-11-21,2379,2023,1717.8749136131648
2023-11-22,2669,2023,1779.2378224123156
2023-11-23,1814,2023,1781.480543547005
2023-11-24,1492,2023,1762.8043794471982
2023-11-25,1768,2023,1763.1395807731856
2023-11-26,1492,2023,1745.6467045942704
2023-11-27,499,2023,1665.2178849430272
2023-11-28,344,2023,1579.9780213983158
2023-11-29,12,2023,1478.8181490500374
2023-11-30,1732,2023,1495.1524620145512
2023-12-01,1024,2023,1464.7555289813545
2023-12-02,386,2023,1395.1583980793318
2023-12-03,1903,2023,1427.9223723967943
2023-12-04,2868,2023,1520.830606435711
2023-12-05,2673,2023,1595.1641156979233
2023-12-06,2122,2023,1629.15352758838
2023-12-07,404,2023,1550.111364518162
2023-12-08,1233,2023,1529.652566807313
2023-12-09,185,2023,1442.9007883036154
2023-12-10,203,2023,1362.9071890582209
2023-12-11,18,2023,1276.1389833125293
2023-12-12,760,2023,1242.8396940665598
2023-12-13,1509,2023,1260.0113267074269
2023-12-14,3057,2023,1375.9460798230768
2023-12-15,1538,2023,1386.4011714473945
2023-12-16,1146,2023,1370.8914184507885
2023-12-17,1476,2023,1377.672617260415
2023-12-18,447,2023,1317.6292225984528
2023-12-19,833,2023,1286.3628211404882
2023-12-20,3017,2023,1398.0168326798116
2023-12-21,2904,2023,1495.1770370230495
2023-12-22,1814,2023,1515.7462604409172
2023-12-23,583,2023,1455.569082347955
2023-12-24,1378,2023,1450.5646254222806
2023-12-25,1486,2023,1452.8507786208434
2023-12-26,1002,2023,1423.7636316130472
2023-12-27,913,2023,1390.8111392509154
2023-12-28,2019,2023,1431.3394528476306
2023-12-29,1830,2023,1457.0594881477834
2023-12-30,2098,2023,1498.4104889124426
2023-12-31,2539,2023,1565.5452960793818
2024-01-01,2155,2024,1603.574631816196
2024-01-02,2843,2024,1683.5375587957965
2024-01-03,608,2024,1614.1480388734872
2024-01-04,1993,2024,1638.5901008816493
2024-01-05,2778,2024,1712.100416953801
2024-01-06,2545,2024,1765.8358739245236
2024-01-07,176,2024,1663.2658175422964
2024-01-08,4,2024,1556.2164099589224
2024-01-09,1560,2024,1556.4605125422179
2024-01-10,480,2024,1487.0114472169137
2024-01-11,2153,2024,1529.9784506222743
2024-01-12,478,2024,1462.1088731627726
2024-01-13,1313,2024,1452.4889458619487
2024-01-14,117,2024,1366.328368709565
2024-01-15,2858,2024,1462.5652481476577
2024-01-16,1682,2024,1476.722328912325
2024-01-17,2155,2024,1520.482178659917
2024-01-18,2457,2024,1580.9026832625032
2024-01-19,1675,2024,1586.9734778907289
2024-01-20,1235,2024,1564.2655115751982
2024-01-21,707,2024,1508.958059215508
2024-01-22,1002,2024,1476.2510876532174
2024-01-23,1474,2024,1476.1058561917196
2024-01-24,2809,2024,1562.099026759996
2024-01-25,132,2024,1469.8345734206414
2024-01-26,694,2024,1419.7807299741485
2024-01-27,2923,2024,1516.7626183629131
2024-01-28,2799,2024,1599.4876107265961
2024-01-29,662,2024,1539.0045390668158
2024-01-30,2474,2024,1599.3268268689567
2024-01-31,1400,2024,1586.4670315870885
2024-02-01,1702,2024,1593.9207714846957
2024-02-02,1419,2024,1582.635560421167
2024-02-03,1581,2024,1582.530040393995
2024-02-04,1686,2024,1589.2055216588985
2024-02-05,2067,2024,1620.0309718744534
2024-02-06,187,2024,1527.577360785779
2024-02-07,646,2024,1470.7014020254064
2024-02-08,979,2024,1438.9787309269932
2024-02-09,1883,2024,1467.6252644155743
2024-02-10,2558,2024,1537.9720215500533
2024-02-11,2749,2024,1616.1028588694048
2024-02-12,271,2024,1529.322029264927
2024-02-13,1277,2024,1513.04318866719
2024-02-14,2877,2024,1601.0404023015649
2024-02-15,2354,2024,1649.6184408627541
2024-02-16,1053,2024,1611.1269285490282
2024-02-17,27,2024,1508.9251912232846
2024-02-18,707,2024,1457.188082112105
2024-02-19,2029,2024,1494.0791735887435
2024-02-20,373,2024,1421.751484970115
2024-02-21,2522,2024,1492.7352601333334
2024-02-22,568,2024,1433.0749207698927
2024-02-23,71,2024,1345.1991194298996
2024-02-24,2105,2024,1394.2185310795835
2024-02-25,2076,2024,1438.2044323002556
2024-02-26,1776,2024,1459.9976947324972
2024-02-27,1086,2024,1435.8688112013683
2024-02-28,2151,2024,1482.006307252893
2024-02-29,2891,2024,1572.9091261398032
2024-03-01,1860,2024,1591.4311180017514
2024-03-02,1434,2024,1581.2742716790578
2024-03-03,2749,2024,1656.6114154416994
2024-03-04,2306,2024,1698.5074531551381
2024-03-05,839,2024,1643.055359403194
2024-03-06,2162,2024,1676.5356587965364
2024-03-07,145,2024,1577.7269066161148
2024-03-08,2623,2024,1645.163880382817
2024-03-09,2675,2024,1711.6049203581192
2024-03-10,136,2024,1609.9529900124342
2024-03-11,2468,2024,1665.3108616245354
2024-03-12,1795,2024,1673.6779028100493
2024-03-13,1250,2024,1646.3438445642398
2024-03-14,1132,2024,1613.1603707213858
2024-03-15,1266,2024,1590.7629274490384
2024-03-16,2220,2024,1631.3588676136167
2024-03-17,206,2024,1539.4002309933835
2024-03-18,266,2024,1457.2453773809073
2024-03-19,1034,2024,1429.939224001494
2024-03-20,516,2024,1370.975403098172
2024-03-21,2952,2024,1472.976989995064
2024-03-22,2023,2024,1508.4623454792536
2024-03-23,65,2024,1415.3357425451084
2024-03-24,1669,2024,1431.7011785099403
2024-03-25,2097,2024,1474.6236831222022
2024-03-26,1533,2024,1478.3898971143185
2024-03-27,2614,2024,1551.655065042427
2024-03-28,988,2024,1515.290222136464
2024-03-29,2426,2024,1574.0456916760472
2024-03-30,747,2024,1520.6879051163023
2024-03-31,1514,2024,1520.2564273668636
2024-04-01,1165,2024,1497.336657859324
2024-04-02,1831,2024,1518.8633250942066
2024-04-03,2866,2024,1605.775368636516
2024-04-04,2136,2024,1639.983409369644
2024-04-05,619,2024,1574.1135119909575
2024-04-06,392,2024,1497.8481241205732
2024-04-07,2060,2024,1534.1159870805363
2024-04-08,3437,2024,1656.8826975914697
2024-04-09,887,2024,1607.2128461339555
2024-04-10,1904,2024,1626.3604044478939
2024-04-11,1857,2024,1641.2403783544814
2024-04-12,794,2024,1586.5797087832248
2024-04-13,193,2024,1496.6713404746297
2024-04-14,1324,2024,1485.5312539923957
2024-04-15,1029,2024,1456.077624702564
2024-04-16,2369,2024,1514.9758424636889
2024-04-17,136,2024,1426.0096590789349
2024-04-18,1094,2024,1404.5896810738423
2024-04-19,3270,2024,1524.938733907788
2024-04-20,2848,2024,1610.297525268576
2024-04-21,1220,2024,1585.1170397673777
2024-04-22,278,2024,1500.7869081694826
2024-04-23,1198,2024,1481.2522689327418
2024-04-24,77,2024,1390.655348356436
2024-04-25,1085,2024,1370.9356484624725
2024-04-26,2864,2024,1467.2623808197325
2024-04-27,2282,2024,1519.8260981862015
2024-04-28,1541,2024,1521.192156367737
2024-04-29,1248,2024,1503.5668559569153
2024-04-30,2972,2024,1598.3044781532435
2024-05-01,2030,2024,1626.155802143357
2024-05-02,2748,2024,1698.5328471663663
2024-05-03,621,2024,1629.0145989620846
2024-05-04,2393,2024,1678.3039796742082
2024-05-05,530,2024,1604.2198519532917
2024-05-06,3179,2024,1705.8185711821116
2024-05-07,2909,2024,1783.4431794929433
2024-05-08,2562,2024,1833.6726517837212
2024-05-09,2751,2024,1892.8550613460618
2024-05-10,1518,2024,1868.6708638398645
2024-05-11,1985,2024,1876.175969398583
2024-05-12,106,2024,1761.9710681470615
2024-05-13,3114,2024,1849.198741169832
2024-05-14,1508,2024,1827.185919158875
2024-05-15,1725,2024,1820.5932792131414
2024-05-16,1273,2024,1785.264680554229
2024-05-17,2219,2024,1813.2476043894403
2024-05-18,1484,2024,1792.0058234610894
2024-05-19,721,2024,1722.9086735603742
2024-05-20,1165,2024,1686.9145655887373
2024-05-21,739,2024,1625.7587871636576
2024-05-22,2158,2024,1660.0969299272926
2024-05-23,53,2024,1556.4132570287577
2024-05-24,313,2024,1476.1930468978703
2024-05-25,2562,2024,1546.2451083883304
2024-05-26,3110,2024,1647.1325207503737
2024-05-27,1214,2024,1619.1884871535754
2024-05-28,2608,2024,1682.9827783049577
2024-05-29,2613,2024,1742.9838893820572
2024-05-30,1088,2024,1700.7268642606343
2024-05-31,2809,2024,1772.2283568889807
2024-06-01,256,2024,1674.4071725735625
2024-06-02,1279,2024,1648.8970324075262
2024-06-03,2818,2024,1724.3230303167181
2024-06-04,2720,2024,1788.5602541672527
2024-06-05,765,2024,1722.5241087371073
2024-06-06,1458,2024,1705.4580372056812
2024-06-07,846,2024,1650.0091315795082
2024-06-08,2578,2024,1709.879510187282
2024-06-09,1407,2024,1690.3388966268124
2024-06-10,3280,2024,1792.8976774895987
2024-06-11,309,2024,1697.1623434580117
2024-06-12,1238,2024,1667.5389664607205
2024-06-13,3021,2024,1754.8590331406742
2024-06-14,2434,2024,1798.674579389663
2024-06-15,2160,2024,1821.9858968483945
2024-06-16,2604,2024,1872.4384196323692
2024-06-17,1679,2024,1859.9585215915713
2024-06-18,1123,2024,1812.4128105211475
2024-06-19,2807,2024,1876.579725971396
2024-06-20,248,2024,1771.5100662313062
2024-06-21,2241,2024,1801.7997393776736
2024-06-22,1466,2024,1780.135240062985
2024-06-23,2947,2024,1855.4168374782766
2024-06-24,321,2024,1756.4222028022589
2024-06-25,55,2024,1646.6530284279197
2024-06-26,704,2024,1585.8367040132155
2024-06-27,3321,2024,1697.7827231091371
2024-06-28,2870,2024,1773.4096441988704
2024-06-29,273,2024,1676.6090219924918
2024-06-30,508,2024,1601.2148915413634
2024-07-01,108,2024,1504.8784469257916
2024-07-02,1805,2024,1524.241127769289
2024-07-03,61,2024,1429.838474364819
2024-07-04,2443,2024,1495.2037340832176
2024-07-05,337,2024,1420.4809125294616
2024-07-06,3114,2024,1529.740208495303
2024-07-07,2875,2024,1616.5311627859287
2024-07-08,1629,2024,1617.335603896514
2024-07-09,2057,2024,1645.7010488064163
2024-07-10,2680,2024,1712.430013399551
2024-07-11,186,2024,1613.9506576963543
2024-07-12,2907,2024,1697.3731959094928
2024-07-13,2296,2024,1735.9942800443641
2024-07-14,2165,2024,1763.6720684285988
2024-07-15,826,2024,1703.1770962719152
2024-07-16,1155,2024,1667.8108319963078
2024-07-17,2663,2024,1732.0165847707397
2024-07-18,256,2024,1636.7897083339178
2024-07-19,642,2024,1572.6097271510846
2024-07-20,1996,2024,1599.9252286252083
2024-07-21,841,2024,1550.9623106493884
2024-07-22,1957,2024,1577.1582906074925
2024-07-23,1286,2024,1558.3738847618479
2024-07-24,2765,2024,1636.220730906245
2024-07-25,1369,2024,1618.9806837510034
2024-07-26,2722,2024,1690.1432202831968
2024-07-27,337,2024,1602.843657684281
2024-07-28,424,2024,1526.7892281562629
2024-07-29,1282,2024,1510.9963747268266
2024-07-30,2584,2024,1580.2224150670315
2024-07-31,295,2024,1497.3048399014167
2024-08-01,1625,2024,1505.5432373271317
2024-08-02,926,2024,1468.153351047962
2024-08-03,2080,2024,1507.6273283997064
2024-08-04,1996,2024,1539.1352426964995
2024-08-05,2040,2024,1571.4490980064027
2024-08-06,2834,2024,1652.9039949092155
2024-08-07,1294,2024,1629.7488984634597
2024-08-08,1190,2024,1601.3780017883978
2024-08-09,2767,2024,1676.5794210278561
2024-08-10,3131,2024,1770.4130067679946
2024-08-11,1818,2024,1773.483135363608
2024-08-12,860,2024,1714.548739533698
2024-08-13,1843,2024,1722.8359176282981
2024-08-14,1184,2024,1688.072310039376
2024-08-15,2934,2024,1768.4547416497387
2024-08-16,2157,2024,1793.5221776723363
2024-08-17,2574,2024,1843.8755855644436
2024-08-18,3067,2024,1922.7868381086732
2024-08-19,2309,2024,1947.7038162952106
2024-08-20,1496,2024,1918.5616345987455
2024-08-21,2699,2024,1968.9124968826977
2024-08-22,373,2024,1865.9504003096206
2024-08-23,275,2024,1763.3084389993226
2024-08-24,224,2024,1663.9982171283987
2024-08-25,2618,2024,1725.5467192491474
2024-08-26,629,2024,1654.80176962017
2024-08-27,2949,2024,1738.2984296446753
2024-08-28,2116,2024,1762.666272893406
2024-08-29,1053,2024,1716.8813520615734
2024-08-30,2004,2024,1735.4051357995363
2024-08-31,2510,2024,1785.378998006018
2024-09-01,2873,2024,1855.5480949088555
2024-09-02,606,2024,1774.9320887857036
2024-09-03,1890,2024,1782.3558249930777
2024-09-04,2875,2024,1852.8489975741695
2024-09-05,2303,2024,1881.8909977306748
2024-09-06,1362,2024,1848.3496430383734
2024-09-07,1881,2024,1850.456117681059
2024-09-08,2127,2024,1868.2976584758294
2024-09-09,1279,2024,1830.2784547031954
2024-09-10,2110,2024,1848.3250060126666
2024-09-11,2383,2024,1882.8201669150753
2024-09-12,2979,2024,1953.5414464689416
2024-09-13,1618,2024,1931.893611212881
2024-09-14,964,2024,1869.4488621023727
2024-09-15,2385,2024,1902.7102258377035
2024-09-16,900,2024,1838.0192435255938
2024-09-17,259,2024,1736.1470342658781
2024-09-18,1390,2024,1713.8149675390475
2024-09-19,180,2024,1614.8591631816896
2024-09-20,3103,2024,1710.8682494280324
2024-09-21,1995,2024,1729.199330110095
2024-09-22,1807,2024,1734.2187281675083
2024-09-23,1046,2024,1689.8175198986369
2024-09-24,1786,2024,1696.022841195499
2024-09-25,2474,2024,1746.2149159570797
2024-09-26,273,2024,1651.1687923469456
2024-09-27,712,2024,1590.5772573568202
2024-09-28,21,2024,1489.3142084950898
