Date,Close,Smoothed_Close
2019-01-02,20.67466735839844,20.708342728097698
2019-01-03,20.02400016784668,18.867836403086933
2019-01-04,21.179332733154297,21.07705147320021
2019-01-07,22.33066749572754,23.729610474876125
2019-01-08,22.356666564941406,22.8250162315092
2019-01-09,22.568666458129883,21.07614430785214
2019-01-10,22.99799919128418,21.635367425991728
2019-01-11,23.15066719055176,22.962292608853584
2019-01-14,22.293333053588867,25.31761400023937
2019-01-15,22.96199989318848,21.30376181105448
2019-01-16,23.06999969482422,22.210530011048146
2019-01-17,23.15399932861328,22.903153264639336
2019-01-18,20.15066719055176,22.34034617795335
2019-01-21,20.15066719055176,22.617022428078947
2019-01-22,19.92799949645996,20.76446719815292
2019-01-23,19.172666549682617,20.488757802295705
2019-01-24,19.43400001525879,19.232443675082553
2019-01-25,19.80266761779785,19.649196075356436
2019-01-28,19.7586669921875,18.485740993341395
2019-01-29,19.83066749572754,19.973007197985712
2019-01-30,20.584667205810547,19.816132388515634
2019-01-31,20.468000411987305,19.89776262890856
2019-02-01,20.81399917602539,18.664528998219108
2019-02-04,20.85933303833008,22.62884838341432
2019-02-05,21.42333221435547,21.009904614314294
2019-02-06,21.14800071716309,21.72569430477707
2019-02-07,20.500667572021484,22.04775153774206
2019-02-08,20.386667251586918,20.22758999875236
2019-02-11,20.856000900268555,19.845052203802474
2019-02-12,20.78733253479004,22.040399501883392
2019-02-13,20.544666290283203,22.109598596067706
2019-02-14,20.251333236694336,18.78404616837252
2019-02-15,20.525333404541016,21.294995344534964
2019-02-18,20.525333404541016,23.1019249658375
2019-02-19,20.375999450683597,21.055221648859977
2019-02-20,20.17066764831543,19.101840977332227
2019-02-21,19.415332794189453,19.25015504907553
2019-02-22,19.6473331451416,19.415763414653174
2019-02-25,19.917999267578125,21.812976389032926
2019-02-26,19.857332229614254,18.89434747147329
2019-02-27,20.982667922973636,19.126843952705073
2019-02-28,21.32533264160156,20.785753139729067
2019-03-01,19.652666091918945,20.50296598136743
2019-03-04,19.02400016784668,22.078601048267746
2019-03-05,18.43600082397461,19.655552464994923
2019-03-06,18.416000366210938,19.00831997340586
2019-03-07,18.439332962036133,18.453935239247347
2019-03-08,18.94266700744629,18.661052332133284
2019-03-11,19.39466667175293,17.621873227740647
2019-03-12,18.89066696166992,19.59392168914775
2019-03-13,19.263999938964844,18.89305935068644
2019-03-14,19.33066749572754,18.589094102680082
2019-03-15,18.36199951171875,17.522025447957958
2019-03-18,17.965999603271484,20.216367170616774
2019-03-19,17.83133316040039,18.13108250904107
2019-03-20,18.239999771118164,18.155217761415855
2019-03-21,18.26799964904785,19.11975815233422
2019-03-22,17.635332107543945,17.97393828161264
2019-03-25,17.3613338470459,17.108736327970913
2019-03-26,17.851333618164062,18.568618243890338
2019-03-27,18.32200050354004,19.157430635917827
2019-03-28,18.57466697692871,16.53936519006734
2019-03-29,18.65733337402344,19.60118732170301
2019-04-01,19.27866744995117,21.23918176075475
2019-04-02,19.058666229248047,19.78996348272099
2019-04-03,19.45400047302246,17.786079291302176
2019-04-04,17.851999282836914,18.515408174061985
2019-04-05,18.33066749572754,17.87743529173865
2019-04-08,18.21333312988281,20.48962132279774
2019-04-09,18.15399932861328,17.20118867493697
2019-04-10,18.40399932861328,17.42381808442435
2019-04-11,17.89466667175293,18.233510009022172
2019-04-12,17.84666633605957,17.098809373748377
2019-04-15,17.7586669921875,20.224371519538206
2019-04-16,18.224000930786133,18.372447352930724
2019-04-17,18.082000732421875,18.763995867463176
2019-04-18,18.21733283996582,18.1226418626199
2019-04-19,18.21733283996582,18.435753913928302
2019-04-22,17.516666412353516,16.911629319395253
2019-04-23,17.593332290649414,17.751162406822864
2019-04-24,17.243999481201172,17.579264649510367
2019-04-25,16.5086669921875,16.590405777597137
2019-04-26,15.675999641418455,14.724871157280479
2019-04-29,16.097999572753906,17.52701283520081
2019-04-30,15.912667274475098,16.238295339711488
2019-05-01,15.600666999816896,16.237332847617406
2019-05-02,16.273332595825195,16.50219749495291
2019-05-03,17.00200080871582,15.960473309786098
2019-05-06,17.022666931152344,16.433754841237647
2019-05-07,16.470666885375977,18.219801898650918
2019-05-08,16.32266616821289,17.807903460261635
2019-05-09,16.131999969482422,14.559640969753879
2019-05-10,15.968000411987305,17.17249116686696
2019-05-13,15.133999824523926,18.55771438655747
2019-05-14,15.487333297729492,15.689452847617531
2019-05-15,15.463333129882812,14.198776632933761
2019-05-16,15.222000122070312,14.536913712282734
2019-05-17,14.0686674118042,15.206740735893522
2019-05-20,13.690667152404783,16.27564423745165
2019-05-21,13.67199993133545,12.68783841734947
2019-05-22,12.84866714477539,12.940872561854821
2019-05-23,13.03266716003418,12.710540697511252
2019-05-24,12.708666801452637,12.216862863569347
2019-05-27,12.708666801452637,15.094099239662018
2019-05-28,12.579999923706056,13.320024673526998
2019-05-29,12.657333374023438,13.137847721197591
2019-05-30,12.54800033569336,12.691894134374765
2019-05-31,12.343999862670898,12.773621500697756
2019-06-03,11.9313325881958,11.044670022113246
2019-06-04,12.90666675567627,12.157329576779242
2019-06-05,13.105999946594238,12.865222277295583
2019-06-06,13.729999542236328,12.435022202352675
2019-06-07,13.633333206176758,11.90465665367195
2019-06-10,14.19200038909912,15.460881261785481
2019-06-11,14.473333358764648,14.327463616337997
2019-06-12,13.95066738128662,14.783769892013567
2019-06-13,14.260666847229004,14.858126009457344
2019-06-14,14.32800006866455,13.958931129556337
2019-06-17,15.001999855041504,13.78004779796203
2019-06-18,14.982666969299316,16.180030703225206
2019-06-19,15.095333099365234,16.30325198178031
2019-06-20,14.641332626342772,13.323938878766043
2019-06-21,14.790666580200195,15.689518254271903
2019-06-24,14.90933322906494,17.371156860998727
2019-06-25,14.650667190551758,15.435757948530167
2019-06-26,14.618000030517578,13.37970364170102
2019-06-27,14.855999946594238,13.692373095703955
2019-06-28,14.897333145141602,14.82629898621646
2019-07-01,15.14466667175293,17.067821075605575
2019-07-02,14.970000267028809,14.121865204875082
2019-07-03,15.65999984741211,14.242977951355469
2019-07-04,15.65999984741211,15.47632737954049
2019-07-05,15.539999961853027,14.848373865134235
2019-07-08,15.355999946594238,17.919402091742313
2019-07-09,15.337332725524902,15.972728652629435
2019-07-10,15.928000450134276,15.892022994284797
2019-07-11,15.90666675567627,15.946974329068743
2019-07-12,16.338666915893555,16.129161856335
2019-07-15,16.899999618530273,15.020049273382485
2019-07-16,16.825332641601562,17.096020802065315
2019-07-17,16.99066734313965,16.814670864051294
2019-07-18,16.902666091918945,16.321644589024135
2019-07-19,17.211999893188477,15.098869225104945
2019-07-22,17.045333862304688,19.0279457497236
2019-07-23,17.344667434692383,17.20233632626158
2019-07-24,17.658666610717773,17.655210756755345
2019-07-25,15.254667282104492,18.540879270943208
2019-07-26,15.202667236328123,15.034073737172504
2019-07-29,15.718000411987305,14.660764984446434
2019-07-30,16.150667190551758,16.90100213627568
2019-07-31,16.107332229614258,17.457761600394132
2019-08-01,15.59000015258789,14.340238740235383
2019-08-02,15.62266731262207,16.64022681112937
2019-08-05,15.221332550048828,18.206739998910837
2019-08-06,15.383333206176758,15.763558171785654
2019-08-07,15.56133270263672,14.100151464786231
2019-08-08,15.886667251586914,14.62897946356514
2019-08-09,15.667332649230955,15.854127682607421
2019-08-12,15.267333030700684,17.845601441146886
2019-08-13,15.666666984558104,14.264301832572237
2019-08-14,14.641332626342772,14.922918905390667
2019-08-15,14.37600040435791,14.508921378628216
2019-08-16,14.662667274475098,13.573928691070014
2019-08-19,15.121999740600586,17.030085192619094
2019-08-20,15.057332992553713,15.718952053531748
2019-08-21,14.722000122070312,15.612814628743347
2019-08-22,14.8100004196167,14.768943066335295
2019-08-23,14.09333324432373,15.030040054811543
2019-08-26,14.333333015441896,12.809306401280738
2019-08-27,14.272000312805176,14.5400953908896
2019-08-28,14.37266731262207,14.261260274395203
2019-08-29,14.780667304992676,13.705593756588403
2019-08-30,15.040666580200195,12.961960747604081
2019-09-02,15.040666580200195,16.857651316585574
2019-09-03,15.000666618347168,15.192670681422284
2019-09-04,14.711999893188477,15.32129962498636
2019-09-05,15.305333137512209,15.612704511566987
2019-09-06,15.16333293914795,14.99484303679488
2019-09-09,15.452667236328123,14.621433809859539
2019-09-10,15.702667236328123,16.642489328485055
2019-09-11,16.47333335876465,17.015480055121284
2019-09-12,16.391332626342773,14.68184721290718
2019-09-13,16.34666633605957,17.42768556112101
2019-09-16,16.187332153320312,18.932654130250175
2019-09-17,16.319332122802734,16.722312384068367
2019-09-18,16.232667922973633,15.036837096142284
2019-09-19,16.440000534057617,15.308322523388481
2019-09-20,16.041332244873047,16.411263731370116
2019-09-23,16.082000732421875,18.22512779284962
2019-09-24,14.880666732788086,15.065837674862657
2019-09-25,15.24666690826416,14.184827899692182
2019-09-26,16.17066764831543,15.07371327287503
2019-09-27,16.142000198364258,15.331480300290423
2019-09-30,16.058000564575195,18.517814300194953
2019-10-01,16.312667846679688,16.671603134400627
2019-10-02,16.208667755126953,16.85901497746604
2019-10-03,15.535332679748535,16.24835378635681
2019-10-04,15.428667068481444,15.77812917000589
2019-10-07,15.847999572753906,14.126918135103486
2019-10-08,16.003332138061523,16.048815152463874
2019-10-09,16.302000045776367,15.985874028260392
2019-10-10,16.31599998474121,15.628748402622987
2019-10-11,16.525999069213867,14.508997259371373
2019-10-14,17.130666732788086,18.344845929851196
2019-10-15,17.19266700744629,17.26447914381272
2019-10-16,17.316667556762695,17.50967281578845
2019-10-17,17.46466636657715,18.20480908520745
2019-10-18,17.1299991607666,17.167236597329566
2019-10-21,16.899999618530273,16.594308544945687
2019-10-22,17.038667678833008,18.10568171931621
2019-10-23,16.978666305541992,18.355318940555666
2019-10-24,19.978666305541992,15.212364184719359
2019-10-25,21.875333786010746,20.922769496134098
2019-10-28,21.84733390808105,24.399951346747212
2019-10-29,21.08133316040039,22.37649863102323
2019-10-30,21.000667572021484,19.825762828614902
2019-10-31,20.994667053222656,20.07695368768374
2019-11-01,20.88733291625977,20.972387354605218
2019-11-04,21.1646671295166,23.06253133971934
2019-11-05,21.14800071716309,20.14110243952889
2019-11-06,21.77199935913086,20.416187180369743
2019-11-07,22.369333267211918,21.590174094479593
2019-11-08,22.47599983215332,21.5397364615206
2019-11-11,23.006000518798828,24.848019202501433
2019-11-12,23.32866668701172,23.60095904338603
2019-11-13,23.073999404907227,23.872399077449177
2019-11-14,23.290000915527344,23.118153419554396
2019-11-15,23.47800064086914,23.506093516977312
2019-11-18,23.332666397094727,22.16655331121441
2019-11-19,23.968000411987305,23.5502300190721
2019-11-20,23.481332778930664,23.936562072604563
2019-11-21,23.655332565307617,22.831359383359583
2019-11-22,22.202667236328125,21.844203807305433
2019-11-25,22.422666549682617,24.071566081594415
2019-11-26,21.92799949645996,22.569598112108093
2019-11-27,22.086000442504883,22.26220053172659
2019-11-28,22.086000442504883,22.973634818505175
2019-11-29,21.996000289916992,21.793021731011205
2019-12-02,22.32466697692871,21.453060347335434
2019-12-03,22.413333892822266,23.51327066980549
2019-12-04,22.20199966430664,23.73097870971905
2019-12-05,22.024667739868164,20.4402945066965
2019-12-06,22.392667770385746,23.06479635335368
2019-12-09,22.635332107543945,24.966315909259407
2019-12-10,23.256000518798828,23.157808285640378
2019-12-11,23.51333236694336,21.958380921739224
2019-12-12,23.978666305541992,22.578149291213695
2019-12-13,23.892667770385746,23.94181637882985
2019-12-16,25.433332443237305,26.06678261317269
2019-12-17,25.266000747680664,24.3716097991946
2019-12-18,26.209999084472656,24.537582498250462
2019-12-19,26.93600082397461,26.018619215002776
2019-12-20,27.03933334350586,26.102232690569455
2019-12-23,27.947999954223636,29.411327446045114
2019-12-24,28.350000381469727,28.531530196500746
2019-12-25,28.350000381469727,28.890993706801932
2019-12-26,28.72933387756348,28.386386292911574
2019-12-27,28.691999435424805,28.94026295808308
2019-12-30,27.64666748046875,27.38719649738631
2019-12-31,27.8886661529541,27.89159208242045
2020-01-01,27.8886661529541,27.869923742014635
2020-01-02,28.68400001525879,27.224389064134595
2020-01-03,29.53400039672852,26.85368874632563
2020-01-06,30.1026668548584,31.332829651268398
2020-01-07,31.270666122436523,30.236961628028293
2020-01-08,32.80933380126953,31.554309245754546
2020-01-09,32.089332580566406,33.65377615651693
2020-01-10,31.87666702270508,31.8167788715254
2020-01-13,34.990665435791016,31.338045319676823
2020-01-14,35.861331939697266,36.09534268341239
2020-01-15,34.56666564941406,37.152844528332565
2020-01-16,34.232666015625,32.836865065209956
2020-01-17,34.03333282470703,35.278485439402516
2020-01-20,34.03333282470703,36.624273900251964
2020-01-21,36.47999954223633,34.563654095048555
2020-01-22,37.97066879272461,35.127511053240326
2020-01-23,38.14666748046875,36.996609759913305
2020-01-24,37.654666900634766,38.117376014736145
2020-01-27,37.20133209228516,39.84126233266717
2020-01-28,37.79333114624024,36.20016175068791
2020-01-29,38.732666015625,37.043824909368475
2020-01-30,42.72066879272461,38.540790487492714
2020-01-31,43.37133407592773,41.788443838534484
2020-02-03,52.0,45.723839311625476
2020-02-04,59.137332916259766,52.34996512608657
2020-02-05,48.97999954223633,59.4680162978831
2020-02-06,49.93066787719727,49.316570413151254
2020-02-07,49.87133407592773,50.1334141102529
2020-02-10,51.41866683959961,48.56694811138617
2020-02-11,51.62533187866211,51.58536164770222
2020-02-12,51.15266799926758,51.60529494736741
2020-02-13,53.59999847412109,50.50261608445253
2020-02-14,53.33533477783203,51.720261950721984
2020-02-17,53.33533477783203,55.16631121880999
2020-02-18,57.22666549682617,53.487761142429164
2020-02-19,61.16133117675781,57.42867011746381
2020-02-20,59.96066665649414,61.931002522296446
2020-02-21,60.06666564941406,59.70036213408373
2020-02-24,55.58599853515625,59.51879684986261
2020-02-25,53.32733154296875,56.91959135447685
2020-02-26,51.91999816894531,54.72019062271762
2020-02-27,45.26666641235352,50.196656175983236
2020-02-28,44.53266525268555,46.503387889566845
2020-03-02,49.574668884277344,47.14550285319145
2020-03-03,49.70066833496094,49.95349151763582
2020-03-04,49.96666717529297,48.41364182503023
2020-03-05,48.30266571044922,49.03154224026517
2020-03-06,46.89866638183594,48.330077420975826
2020-03-09,40.53333282470703,49.114495662139944
2020-03-10,43.02199935913086,39.71145919333464
2020-03-11,42.28200149536133,42.22066567353495
2020-03-12,37.369998931884766,42.139241421861534
2020-03-13,36.44133377075195,36.70784384152824
2020-03-16,29.67133331298828,38.849650882407474
2020-03-17,28.68000030517578,30.487689368650905
2020-03-18,24.08133316040039,29.270068457558203
2020-03-19,28.50933265686035,24.257980334307693
2020-03-20,28.50200080871582,28.602312448246764
2020-03-23,28.952667236328125,27.192732916443713
2020-03-24,33.66666793823242,29.152310295188407
2020-03-25,35.95000076293945,33.511601272793506
2020-03-26,35.21066665649414,35.21270236840919
2020-03-27,34.29066848754883,33.42446549816849
2020-03-30,33.47533416748047,36.144244579565694
2020-03-31,34.93333435058594,33.65304799275006
2020-04-01,32.104000091552734,35.209536030880315
2020-04-02,30.29800033569336,33.08003704354363
2020-04-03,32.000667572021484,30.062191592817094
2020-04-06,34.41600036621094,31.405353144400976
2020-04-07,36.36333465576172,35.54005130091061
2020-04-08,36.589332580566406,37.6229398255634
2020-04-09,38.20000076293945,34.81267791042927
2020-04-10,38.20000076293945,39.18571929910311
2020-04-13,43.39666748046875,40.783112536982934
2020-04-14,47.32600021362305,43.76992554828876
2020-04-15,48.65533447265625,45.92402737220755
2020-04-16,49.68066787719727,47.68465091102884
2020-04-17,50.25933456420898,49.625846742959205
2020-04-20,49.75733184814453,52.41284856321244
2020-04-21,45.78133392333984,48.75663188377488
2020-04-22,48.80733489990234,45.16969658040881
2020-04-23,47.04199981689453,48.5566478506291
2020-04-24,48.34333419799805,46.28162637743038
2020-04-27,53.25,50.68138949644344
2020-04-28,51.27466583251953,53.71185293816904
2020-04-29,53.367332458496094,51.883731224146395
2020-04-30,52.12533187866211,53.342619417049875
2020-05-01,46.75466537475586,52.383346318893075
2020-05-04,50.74599838256836,45.61223466411339
2020-05-05,51.2140007019043,50.84382478619573
2020-05-06,52.172000885009766,51.18399869366725
2020-05-07,52.00266647338867,51.478473125369845
2020-05-08,54.62799835205078,50.200584590259986
2020-05-11,54.08599853515625,56.374102923340125
2020-05-12,53.96066665649414,54.25222026885316
2020-05-13,52.73066711425781,54.28430391577432
2020-05-14,53.55533218383789,53.65987029424776
2020-05-15,53.27799987792969,53.23872091498659
2020-05-18,54.242000579833984,52.74000013296956
2020-05-19,53.867332458496094,55.411580026596376
2020-05-20,54.37066650390625,55.19838586142488
2020-05-21,55.17333221435547,52.58779848397664
2020-05-22,54.45866775512695,56.18324744896162
2020-05-25,54.45866775512695,57.06407716367477
2020-05-26,54.5913314819336,54.98942566173501
2020-05-27,54.68199920654297,53.30868901031716
2020-05-28,53.72066879272461,53.75229777817132
2020-05-29,55.66666793823242,53.72703870633796
2020-06-01,59.87333297729492,57.78076472012782
2020-06-02,58.77066802978516,58.72934355589043
2020-06-03,58.86399841308594,58.06799394803497
2020-06-04,57.62533187866211,58.699067244138014
2020-06-05,59.04399871826172,56.851652418848566
2020-06-08,63.32799911499024,61.378111565517614
2020-06-09,62.711334228515625,63.80852410749624
2020-06-10,68.336669921875,63.27996069468778
2020-06-11,64.85600280761719,68.20412631656393
2020-06-12,62.35200119018555,65.17832240936185
2020-06-15,66.05999755859375,61.12499984203844
2020-06-16,65.47533416748047,66.1638224048946
2020-06-17,66.11933135986328,65.4772809249914
2020-06-18,66.9306640625,65.43624386782278
2020-06-19,66.72666931152344,65.09930232386841
2020-06-22,66.28800201416016,68.5572747345554
2020-06-23,66.78533172607422,66.45365544513646
2020-06-24,64.0566635131836,67.09016093031148
2020-06-25,65.73200225830078,65.03052647888163
2020-06-26,63.982666015625,65.39106681092822
2020-06-29,67.29000091552734,63.488354890063654
2020-06-30,71.98733520507812,68.39018081582942
2020-07-01,74.64199829101562,73.16322949235445
2020-07-02,80.57733154296875,72.78952423274846
2020-07-03,80.57733154296875,81.43025066162654
2020-07-06,91.43866729736328,83.1564356745789
2020-07-07,92.65733337402344,91.64085397917927
2020-07-08,91.05867004394533,91.33200140634052
2020-07-09,92.9520034790039,90.1786615988218
2020-07-10,102.97666931152344,92.8737239746319
2020-07-13,99.8040008544922,104.84441056078317
2020-07-14,101.12000274658205,98.87527310523234
2020-07-15,103.06732940673828,100.35083352119717
2020-07-16,100.04266357421876,102.84444097121188
2020-07-17,100.05599975585938,99.32113363616382
2020-07-20,109.53333282470705,102.43409700824107
2020-07-21,104.55733489990234,109.85845891805059
2020-07-22,106.15533447265624,105.25282927366005
2020-07-23,100.87133026123048,106.14815799795723
2020-07-24,94.46666717529295,101.25185503731257
2020-07-27,102.63999938964844,93.35913798930757
2020-07-28,98.43267059326172,102.61267318330562
2020-07-29,99.94066619873048,98.53998558363578
2020-07-30,99.16600036621094,99.23468450910099
2020-07-31,95.38400268554688,97.38181059030813
2020-08-03,99.0,97.3240099950231
2020-08-04,99.13333129882812,99.04659185879645
2020-08-05,99.00133514404295,99.44555232041272
2020-08-06,99.30533599853516,99.89705787954671
2020-08-07,96.84733581542967,99.00342717162343
2020-08-10,94.5713348388672,96.37558879505534
2020-08-11,91.6259994506836,95.84069167764486
2020-08-12,103.65066528320312,93.03764254226223
2020-08-13,108.06666564941406,101.52253435661855
2020-08-14,110.04733276367188,108.95711690108683
2020-08-17,122.3759994506836,112.5677962708177
2020-08-18,125.80599975585938,122.53213482110547
2020-08-19,125.23533630371094,124.41254359734242
2020-08-20,133.45533752441406,124.32224864609654
2020-08-21,136.6653289794922,133.18513125630557
2020-08-24,134.27999877929688,138.73293397584214
2020-08-25,134.8893280029297,133.33354203201415
2020-08-26,143.54466247558594,134.14094999812409
2020-08-27,149.25,143.11996477797553
2020-08-28,147.55999755859375,148.2589225592907
2020-08-31,166.10667419433594,149.98136432427404
2020-09-01,158.35000610351562,166.1594081347179
2020-09-02,149.1233367919922,159.12119625797988
2020-09-03,135.6666717529297,149.4451155790047
2020-09-04,139.44000244140625,136.30376146368272
2020-09-07,139.44000244140625,138.03306074553058
2020-09-08,110.06999969482422,139.65029831809463
2020-09-09,122.09333038330078,110.94385420430176
2020-09-10,123.77999877929688,121.09314595571166
2020-09-11,124.23999786376952,121.91265140781962
2020-09-14,139.8733367919922,126.04947908783258
2020-09-15,149.9199981689453,139.55332584345996
2020-09-16,147.25332641601562,149.9219876179565
2020-09-17,141.14332580566406,148.2161792807718
2020-09-18,147.38333129882812,141.03700699202744
2020-09-21,149.79666137695312,146.6549952767974
2020-09-22,141.41000366210938,150.91675845566638
2020-09-23,126.7866668701172,142.98135260931497
2020-09-24,129.26333618164062,125.46754888465546
2020-09-25,135.77999877929688,130.23672798702086
2020-09-28,140.39999389648438,138.16607636785378
2020-09-29,139.69000244140625,140.784708867352
2020-09-30,143.00332641601562,138.42838265028675
2020-10-01,149.3866729736328,141.9770049690671
2020-10-02,138.3633270263672,149.16847674643927
2020-10-05,141.89332580566406,140.86204051065724
2020-10-06,137.9933319091797,140.78136422974805
2020-10-07,141.76666259765625,137.37604325561992
2020-10-08,141.97332763671875,141.4932518706502
2020-10-09,144.6666717529297,141.15275674907681
2020-10-12,147.43333435058594,146.96090187113364
2020-10-13,148.88333129882812,147.95844658585082
2020-10-14,153.76666259765625,149.39093491105172
2020-10-15,149.6266632080078,153.65466996391092
2020-10-16,146.55667114257812,149.96950063606394
2020-10-19,143.61000061035156,145.34736971587068
2020-10-20,140.64666748046875,143.91518665918633
2020-10-21,140.8800048828125,140.72647541516446
2020-10-22,141.92999267578125,140.2116602072879
2020-10-23,140.2100067138672,140.09187368043388
2020-10-26,140.0933380126953,142.08615840580248
2020-10-27,141.55999755859375,140.25064861283613
2020-10-28,135.33999633789062,141.83532224650892
2020-10-29,136.94332885742188,136.41833168965886
2020-10-30,129.34666442871094,136.60771929420446
2020-11-02,133.50332641601562,129.02897690151408
2020-11-03,141.3000030517578,134.58320526533944
2020-11-04,140.32666015625,142.38175163448153
2020-11-05,146.02999877929688,138.58083228125597
2020-11-06,143.31666564941406,146.89313756813078
2020-11-09,140.4199981689453,145.9779622036105
2020-11-10,136.7866668701172,141.03985941520003
2020-11-11,139.0433349609375,135.62036503328537
2020-11-12,137.25332641601562,138.05177819884224
2020-11-13,136.1666717529297,137.2828378450197
2020-11-16,136.02999877929688,138.37298750587274
2020-11-17,147.20333862304688,135.01986728223204
2020-11-18,162.2133331298828,146.13423440729946
2020-11-19,166.42333984375,161.58718316902426
2020-11-20,163.20333862304688,165.47130955427798
2020-11-23,173.9499969482422,165.67205664160534
2020-11-24,185.1266632080078,174.23955170406276
2020-11-25,191.3333282470703,185.3336230875056
2020-11-26,191.3333282470703,191.1723266486768
2020-11-27,195.2533264160156,191.54974826476513
2020-11-30,189.1999969482422,193.8292634479217
2020-12-01,194.9199981689453,189.59245577836253
2020-12-02,189.60667419433597,194.74039102432494
2020-12-03,197.7933349609375,189.0978900264234
2020-12-04,199.67999267578125,195.74465813145355
2020-12-07,213.9199981689453,201.44094749621874
2020-12-08,216.6266632080078,213.64057135714387
2020-12-09,201.4933319091797,216.85138658749813
2020-12-10,209.02333068847656,202.83913001328986
2020-12-11,203.3300018310547,208.51693564771065
2020-12-14,213.27667236328125,202.9497207701783
2020-12-15,211.0833282470703,214.17992928790247
2020-12-16,207.58999633789065,212.46122925717992
2020-12-17,218.63333129882807,205.929155070925
2020-12-18,231.6666717529297,219.33788251962096
2020-12-21,216.6199951171875,233.84797353182913
2020-12-22,213.44667053222656,217.59203842586186
2020-12-23,215.32666015625,212.27711478269742
2020-12-24,220.58999633789065,214.34637279738288
2020-12-25,220.58999633789065,220.40698948231355
2020-12-28,221.22999572753903,222.75710523572454
2020-12-29,221.9966735839844,220.19524239263353
2020-12-30,231.5933380126953,221.24088246755784
2020-12-31,235.22332763671875,231.1400088577729
2021-01-01,235.22332763671875,234.294016820236
2021-01-04,243.2566680908203,237.5955569616583
2021-01-05,245.0366668701172,243.62519453726355
2021-01-06,251.9933319091797,245.529586133232
2021-01-07,272.0133361816406,251.8183263679668
2021-01-08,293.3399963378906,271.62516256421594
2021-01-11,270.39666748046875,291.3723831237189
2021-01-12,283.14666748046875,271.28243555229267
2021-01-13,284.8033447265625,282.7697937741651
2021-01-14,281.6666564941406,284.0782641795883
2021-01-15,275.3866577148437,279.9531724655243
2021-01-18,275.3866577148437,277.40418454145066
2021-01-19,281.51666259765625,275.5447140188957
2021-01-20,283.4833374023437,281.65127773996994
2021-01-21,281.663330078125,284.3103659519273
2021-01-22,282.2133178710937,281.4234474111837
2021-01-25,293.6000061035156,281.6526666649865
2021-01-26,294.36334228515625,294.45436242784746
2021-01-27,288.0533447265625,295.6505398299588
2021-01-28,278.4766540527344,286.474768615592
2021-01-29,264.510009765625,279.8059666953365
2021-02-01,279.9366760253906,267.5249813585528
2021-02-02,290.92999267578125,280.0142423832104
2021-02-03,284.89666748046875,289.3059170001348
2021-02-04,283.3299865722656,284.14147444180514
2021-02-05,284.07666015625,283.3598915220371
2021-02-08,287.8066711425781,286.2276610426147
2021-02-09,283.1533203125,286.6781802342769
2021-02-10,268.2733459472656,282.55826802279415
2021-02-11,270.5533447265625,268.5635326985174
2021-02-12,272.0400085449219,269.6872125552516
2021-02-15,272.0400085449219,274.36927943525325
2021-02-16,265.4066772460937,272.6496717105354
2021-02-17,266.04998779296875,266.16077421709315
2021-02-18,262.4599914550781,266.0733909201021
2021-02-19,260.4333190917969,262.7903167929702
2021-02-22,238.1666717529297,259.19215446599617
2021-02-23,232.94667053222656,239.05394168343307
2021-02-24,247.33999633789065,233.11214743704699
2021-02-25,227.4066619873047,246.24691172979053
2021-02-26,225.1666717529297,226.1889675367999
2021-03-01,239.47666931152344,227.07723978561754
2021-03-02,228.81333923339844,239.1996453496506
2021-03-03,217.73333740234372,229.44161977930392
2021-03-04,207.14666748046875,218.96899133606746
2021-03-05,199.3166656494141,207.18367997720622
2021-03-08,187.6666717529297,199.01726503705407
2021-03-09,224.52667236328125,189.22412160309946
2021-03-10,222.6866607666016,224.74574959424476
2021-03-11,233.1999969482422,220.94095358173072
2021-03-12,231.2433319091797,233.91798155739724
2021-03-15,235.97999572753903,233.87741299910715
2021-03-16,225.6266632080078,236.3686742322849
2021-03-17,233.9366607666016,224.65618339334833
2021-03-18,217.72000122070312,232.76833404878002
2021-03-19,218.2899932861328,218.17955087702384
2021-03-22,223.3333282470703,220.459292051218
2021-03-23,220.72000122070312,222.1657555061166
2021-03-24,210.08999633789065,220.06220485811707
2021-03-25,213.4633331298828,210.25003237518368
2021-03-26,206.23666381835935,212.56027801315244
2021-03-29,203.76333618164065,208.8277745611652
2021-03-30,211.8733367919922,204.45554218170713
2021-03-31,222.6433258056641,212.18499500860494
2021-04-01,220.5833282470703,222.3477701708893
2021-04-02,220.5833282470703,220.857855023234
2021-04-05,230.3500061035156,219.27931800808628
2021-04-06,230.5399932861328,230.2686659289963
2021-04-07,223.6566619873047,230.51297448400038
2021-04-08,227.93333435058597,223.19986296432955
2021-04-09,225.67333984375,226.00422343546074
2021-04-12,233.9933319091797,227.5630421806458
2021-04-13,254.10667419433597,233.89644684405994
2021-04-14,244.07666015625,253.81160127199593
2021-04-15,246.2833404541016,245.25276188666015
2021-04-16,246.5933380126953,245.93247334383358
2021-04-19,238.2100067138672,246.0365799541055
2021-04-20,239.663330078125,239.6611074237536
2021-04-21,248.0399932861328,240.9477136547513
2021-04-22,239.89666748046875,246.01811274172445
2021-04-23,243.13333129882807,241.16934526456538
2021-04-26,246.0666656494141,245.62742593426597
2021-04-27,234.913330078125,246.5055411383977
2021-04-28,231.46665954589844,233.9685079180055
2021-04-29,225.6666717529297,230.65390419948966
2021-04-30,236.47999572753903,225.82259380946687
2021-05-03,228.3000030517578,238.33100446512512
2021-05-04,224.5333404541016,227.52188330156022
2021-05-05,223.64666748046875,223.9221029338342
2021-05-06,221.17999267578125,223.51407072684074
2021-05-07,224.1233367919922,220.44434840773886
2021-05-10,209.67999267578125,226.41258531149464
2021-05-11,205.73333740234372,210.72432454481512
2021-05-12,196.6300048828125,206.41947240806613
2021-05-13,190.56333923339844,196.94549475751342
2021-05-14,196.5800018310547,190.97722104726748
2021-05-17,192.27667236328125,195.09862401066346
2021-05-18,192.6233367919922,192.6145893659106
2021-05-19,187.82000732421875,192.60424218896236
2021-05-20,195.5933380126953,187.30067634400515
2021-05-21,193.6266632080078,193.55681650850192
2021-05-24,202.14666748046875,195.50427212801767
2021-05-25,201.56333923339844,202.0433813834912
2021-05-26,206.3766632080078,201.89266485726253
2021-05-27,210.2833404541016,207.12366049772535
2021-05-28,208.4066619873047,209.86822050246502
2021-05-31,208.4066619873047,207.91395516406774
2021-06-01,207.96665954589844,209.60670036304248
2021-06-02,201.7066650390625,209.300603926116
2021-06-03,190.94667053222656,200.1279905783281
2021-06-04,199.68333435058597,192.31169030338427
2021-06-07,201.7100067138672,202.01423464603997
2021-06-08,201.19667053222656,202.17131880372253
2021-06-09,199.5933380126953,199.93142760996022
2021-06-10,203.3733367919922,198.71528392493065
2021-06-11,203.29666137695312,203.23817984447965
2021-06-14,205.89666748046875,205.46752821668508
2021-06-15,199.7866668701172,204.80287772006824
2021-06-16,201.6233367919922,199.23662103942567
2021-06-17,205.5333404541016,201.41040063430282
2021-06-18,207.7700042724609,204.60283389970985
2021-06-21,206.94332885742188,210.07469860767327
2021-06-22,207.90333557128903,207.5771979936776
2021-06-23,218.85667419433597,208.42900842178497
2021-06-24,226.60667419433597,218.56204396935863
2021-06-25,223.9566650390625,226.5851791664471
2021-06-28,229.5733337402344,222.72369429488882
2021-06-29,226.9199981689453,229.61937792243108
2021-06-30,226.5666656494141,226.98263045249266
2021-07-01,225.97332763671875,225.91550743039764
2021-07-02,226.3000030517578,224.18532024035088
2021-07-05,226.3000030517578,228.1159021756683
2021-07-06,219.8600006103516,226.45197450504267
2021-07-07,214.88333129882807,220.37377437868795
2021-07-08,217.60333251953125,215.93134096856022
2021-07-09,218.98333740234372,217.23310858023072
2021-07-12,228.5666656494141,218.3937040797887
2021-07-13,222.8466644287109,229.47456973565033
2021-07-14,217.7933349609375,224.33113443388356
2021-07-15,216.86666870117188,216.1827879444701
2021-07-16,214.7400054931641,217.9339728171917
2021-07-19,215.4066619873047,217.3897587188029
2021-07-20,220.1666717529297,215.9186396072787
2021-07-21,218.42999267578125,218.7438168643382
2021-07-22,216.4199981689453,217.55120630932635
2021-07-23,214.4600067138672,216.45955168491773
2021-07-26,219.2066650390625,216.692981442838
2021-07-27,214.9266662597656,218.04996713725478
2021-07-28,215.66000366210935,214.31949550165606
2021-07-29,225.7833404541016,215.4786403512847
2021-07-30,229.0666656494141,224.66627846808814
2021-08-02,236.55667114257807,231.3341435261895
2021-08-03,236.5800018310547,236.93843329991708
2021-08-04,236.97332763671875,237.1263338789136
2021-08-05,238.2100067138672,236.99800485011073
2021-08-06,233.0333404541016,238.39470927356012
2021-08-09,237.9199981689453,231.88284281171437
2021-08-10,236.663330078125,237.99056179910443
2021-08-11,235.94000244140625,236.68455317593052
2021-08-12,240.75,235.29876041393757
2021-08-13,239.05667114257807,238.79922801038754
2021-08-16,228.72332763671875,240.9286187381126
2021-08-17,221.90333557128903,229.18883399583498
2021-08-18,229.663330078125,222.43803877691326
2021-08-19,224.4900054931641,230.32759962859186
2021-08-20,226.7533264160156,224.34640860569584
2021-08-23,235.43333435058597,226.14387529332834
2021-08-24,236.163330078125,236.3679011037965
2021-08-25,237.0666656494141,237.45395433663404
2021-08-26,233.72000122070312,235.2705062593885
2021-08-27,237.30667114257807,234.85473546648734
2021-08-30,243.6366729736328,239.78604023746487
2021-08-31,245.2400054931641,243.97259817102787
2021-09-01,244.69667053222656,243.9071010180693
2021-09-02,244.1300048828125,243.78458556106108
2021-09-03,244.52333068847656,244.12499620904853
2021-09-06,244.52333068847656,246.68394134695603
2021-09-07,250.97332763671875,243.50769538188237
2021-09-08,251.2899932861328,250.0466001703277
2021-09-09,251.6199951171875,251.1115607746079
2021-09-10,245.42333984375,250.79856847430216
2021-09-13,247.6666717529297,247.98582987407016
2021-09-14,248.163330078125,248.2156729542392
2021-09-15,251.94332885742188,248.70042487719635
2021-09-16,252.3300018310547,251.86552304669908
2021-09-17,253.163330078125,252.5372634261611
2021-09-20,243.38999938964844,251.8321414099398
2021-09-21,246.4600067138672,243.8975246035939
2021-09-22,250.64666748046875,246.3638445956381
2021-09-23,251.2133331298828,249.8537075238245
2021-09-24,258.1300048828125,249.3860393827407
2021-09-27,263.78668212890625,259.74584308447805
2021-09-28,259.1866760253906,263.7619067984222
2021-09-29,260.4366760253906,259.63958779998995
2021-09-30,258.49334716796875,261.29493828363985
2021-10-01,258.4066772460937,258.258128684544
2021-10-04,260.510009765625,257.8653800468863
2021-10-05,260.1966552734375,261.6451066492706
2021-10-06,260.9166564941406,261.52481782854073
2021-10-07,264.53668212890625,259.1271626963312
2021-10-08,261.8299865722656,265.46137420771856
2021-10-11,263.9800109863281,264.49294046090165
2021-10-12,268.5733337402344,264.4476213884694
2021-10-13,270.3599853515625,267.15417029595017
2021-10-14,272.7733459472656,269.37498204760215
2021-10-15,281.010009765625,272.6762044045277
2021-10-18,290.03668212890625,282.9311408798309
2021-10-19,288.0899963378906,288.74140950210096
2021-10-20,288.6000061035156,287.4082280923856
2021-10-21,298.0,288.42313127868533
2021-10-22,303.2266540527344,296.9049028302141
2021-10-25,341.6199951171875,305.4361483496043
2021-10-26,339.4766540527344,341.06739523119944
2021-10-27,345.9533386230469,340.06017527539115
2021-10-28,359.0133361816406,345.7955523802276
2021-10-29,371.3333435058594,358.83572391273094
2021-11-01,402.86334228515625,369.6438908228802
2021-11-02,390.6666564941406,402.11358867432784
2021-11-03,404.6199951171875,390.99327576877323
2021-11-04,409.9700012207031,403.54505172583845
2021-11-05,407.36334228515625,407.9898443859114
2021-11-08,387.6466674804688,409.2619660376031
2021-11-09,341.1666564941406,388.3961526429415
2021-11-10,355.9833374023437,342.9068045040395
2021-11-11,354.5033264160156,356.47102611984286
2021-11-12,344.47332763671875,354.2429425250378
2021-11-15,337.7966613769531,344.23134450379087
2021-11-16,351.57666015625,339.2057571763401
2021-11-17,363.0033264160156,352.4877772041162
2021-11-18,365.4599914550781,360.8781372540994
2021-11-19,379.0199890136719,366.40966120033767
2021-11-22,385.6233215332031,381.1927945087796
2021-11-23,369.6766662597656,385.941746576186
2021-11-24,372.0,368.87286376594005
2021-11-25,372.0,371.01737117461715
2021-11-26,360.6400146484375,371.97576148045
2021-11-29,378.9966735839844,363.15474083400744
2021-11-30,381.586669921875,377.4377509779671
2021-12-01,365.0,380.76003555472386
2021-12-02,361.5333251953125,365.3347033239972
2021-12-03,338.3233337402344,360.84196174778214
2021-12-06,336.336669921875,341.4031836765851
2021-12-07,350.5833435058594,337.0289386401478
2021-12-08,356.32000732421875,350.70980892394346
2021-12-09,334.6000061035156,356.1707605068627
2021-12-10,339.010009765625,335.47225516303644
2021-12-13,322.1366577148437,337.59095116653424
2021-12-14,319.5033264160156,322.85579828147917
2021-12-15,325.3299865722656,319.58566801579474
2021-12-16,308.97332763671875,324.49292111361956
2021-12-17,310.8566589355469,307.6554212361664
2021-12-20,299.9800109863281,312.6397676595065
2021-12-21,312.84332275390625,300.45923242277195
2021-12-22,336.2900085449219,312.78442991037787
2021-12-23,355.6666564941406,336.4629656490619
2021-12-24,355.6666564941406,354.7673545584149
2021-12-27,364.6466674804688,355.102702855055
2021-12-28,362.8233337402344,365.57355376592994
2021-12-29,362.0633239746094,364.1907816274612
2021-12-30,356.7799987792969,360.31968013801236
2021-12-31,352.260009765625,357.974763212805
2022-01-03,399.9266662597656,354.98583630409956
2022-01-04,383.1966552734375,399.022556429675
2022-01-05,362.7066650390625,382.3795990761308
2022-01-06,354.8999938964844,362.4121051422908
2022-01-07,342.32000732421875,355.13211276180164
2022-01-10,352.7066650390625,344.879287586101
2022-01-11,354.79998779296875,351.3896086169023
2022-01-12,368.739990234375,353.9956413258094
2022-01-13,343.85333251953125,368.1541209790032
2022-01-14,349.8699951171875,343.78060782845216
2022-01-17,349.8699951171875,352.08650180960075
2022-01-18,343.5033264160156,350.47625527731304
2022-01-19,331.8833312988281,344.2492732818533
2022-01-20,332.0899963378906,332.2765750601085
2022-01-21,314.6333312988281,332.31690584133935
2022-01-24,310.0,313.85469778322863
2022-01-25,306.1333312988281,310.36908367140296
2022-01-26,312.4700012207031,306.2423288491394
2022-01-27,276.3666687011719,311.6183489177768
2022-01-28,282.1166687011719,275.644244470082
2022-01-31,312.239990234375,283.8010583225722
2022-02-01,310.4166564941406,311.47892027652864
2022-02-02,301.8866577148437,310.76355268463135
2022-02-03,297.0466613769531,303.0368650331775
2022-02-04,307.7733459472656,296.90767004075434
2022-02-07,302.4466552734375,306.9086233509583
2022-02-08,307.3333435058594,303.7962177129408
2022-02-09,310.6666564941406,308.5110494997329
2022-02-10,301.51666259765625,308.79375670487593
2022-02-11,286.6666564941406,302.8242160038818
2022-02-14,291.9200134277344,289.70762983234954
2022-02-15,307.4766540527344,292.30537833743966
2022-02-16,307.7966613769531,305.7241535392731
2022-02-17,292.1166687011719,306.84585945630874
2022-02-18,285.6600036621094,292.566587201452
2022-02-21,285.6600036621094,288.0410648529389
2022-02-22,273.84332275390625,284.6510212119767
2022-02-23,254.67999267578125,273.46805461339653
2022-02-24,266.92333984375,255.10607679964716
2022-02-25,269.9566650390625,265.7606311898861
2022-02-28,290.1433410644531,272.23030998108726
2022-03-01,288.1233215332031,290.1421245473387
2022-03-02,293.2966613769531,288.71976091039517
2022-03-03,279.7633361816406,293.1785977467296
2022-03-04,279.42999267578125,280.38946571398
2022-03-07,268.1933288574219,278.14665301648836
2022-03-08,274.79998779296875,268.7464590894093
2022-03-09,286.3233337402344,274.59847158984707
2022-03-10,279.4333190917969,285.3057851888987
2022-03-11,265.1166687011719,277.82427808690966
2022-03-14,255.4566650390625,267.3798804419036
2022-03-15,267.2966613769531,255.91365881684337
2022-03-16,280.07666015625,267.26797968478303
2022-03-17,290.5333251953125,280.5724321493395
2022-03-18,301.7966613769531,289.9129557634416
2022-03-21,307.0533447265625,300.9012162955351
2022-03-22,331.32666015625,308.0825910422018
2022-03-23,333.03668212890625,331.90964275341594
2022-03-24,337.97332763671875,331.1948228477523
2022-03-25,336.8800048828125,338.85670601544246
2022-03-28,363.9466552734375,339.49302307799223
2022-03-29,366.5233459472656,363.6608156254882
2022-03-30,364.663330078125,365.1423033424719
2022-03-31,359.20001220703125,363.7895277394944
2022-04-01,361.5299987792969,359.3439318957153
2022-04-04,381.8166809082031,363.6366586668169
2022-04-05,363.7533264160156,380.18719856518175
2022-04-06,348.586669921875,363.54784709310985
2022-04-07,352.4200134277344,348.89726497777696
2022-04-08,341.8299865722656,351.50761976494687
2022-04-11,325.3099975585937,344.52231621691624
2022-04-12,328.9833374023437,326.4291635805109
2022-04-13,340.7900085449219,329.44177182584826
2022-04-14,328.3333435058594,340.4675970642188
2022-04-15,328.3333435058594,328.9208143418233
2022-04-18,334.7633361816406,327.0387774633028
2022-04-19,342.7166748046875,334.78297678736806
2022-04-20,325.7333374023437,342.45841820996606
2022-04-21,336.260009765625,325.5743617640506
2022-04-22,335.01666259765625,334.151271922146
2022-04-25,332.67333984375,336.8702633843109
2022-04-26,292.1400146484375,332.89716679253047
2022-04-27,293.836669921875,293.6848378154673
2022-04-28,292.5033264160156,294.7144049663117
2022-04-29,290.2533264160156,292.25028723559177
2022-05-02,300.9800109863281,289.77677719865846
2022-05-03,303.0833435058594,301.8568231705272
2022-05-04,317.5400085449219,304.330779793452
2022-05-05,291.09332275390625,315.33352847465204
2022-05-06,288.54998779296875,292.9127951902699
2022-05-09,262.3699951171875,291.23501474051614
2022-05-10,266.67999267578125,263.6932253453104
2022-05-11,244.6666717529297,265.29520071458285
2022-05-12,242.6666717529297,244.40095004406857
2022-05-13,256.5299987792969,242.72442493795035
2022-05-16,241.4566650390625,258.2860008047758
2022-05-17,253.8699951171875,240.883707910409
2022-05-18,236.60333251953125,252.77666326689015
2022-05-19,236.47332763671875,236.9505082975769
2022-05-20,221.3000030517578,235.6816452123357
2022-05-23,224.96665954589844,224.13429191295674
2022-05-24,209.3866729736328,225.48090953651936
2022-05-25,219.6000061035156,210.40788590966505
2022-05-26,235.91000366210935,219.34266259982056
2022-05-27,253.2100067138672,235.63130709700414
2022-05-30,253.2100067138672,251.36721520546106
2022-05-31,252.7533264160156,253.4071493914189
2022-06-01,246.7899932861328,252.75422712299576
2022-06-02,258.3333435058594,246.30627276544837
2022-06-03,234.51666259765625,256.1841236436117
2022-06-06,238.27999877929688,237.05026801765308
2022-06-07,238.8866729736328,238.34005806905765
2022-06-08,241.86666870117188,239.18501575874916
2022-06-09,239.7066650390625,242.6680578316247
2022-06-10,232.22999572753903,239.47626907162194
2022-06-13,215.73666381835935,231.91186215036356
2022-06-14,220.88999938964844,217.43971236306604
2022-06-15,233.0,222.07032595333501
2022-06-16,213.1000061035156,230.86231309992223
2022-06-17,216.75999450683597,214.72398605201712
2022-06-20,216.75999450683597,219.2519155637568
2022-06-21,237.0366668701172,217.28732758625725
2022-06-22,236.086669921875,235.14600779439152
2022-06-23,235.07000732421875,235.17002518863347
2022-06-24,245.7066650390625,235.07844118457749
2022-06-27,244.9199981689453,247.55855429306504
2022-06-28,232.663330078125,243.91878645113331
2022-06-29,228.4900054931641,232.3015744960919
2022-06-30,224.47332763671875,228.46412345000866
2022-07-01,227.26333618164065,223.7876803742284
2022-07-04,227.26333618164065,229.55872091175215
2022-07-05,233.0666656494141,227.87197663619662
2022-07-06,231.73333740234372,233.4454135438108
2022-07-07,244.5433349609375,231.80506476849882
2022-07-08,250.76333618164065,244.38019351386617
2022-07-11,234.3433380126953,249.25840831925643
2022-07-12,233.07000732421875,235.04620561296676
2022-07-13,237.0399932861328,233.1108151417329
2022-07-14,238.31333923339844,236.2577057135389
2022-07-15,240.0666656494141,236.46504106548437
2022-07-18,240.54666137695312,241.8376912729691
2022-07-19,245.52999877929688,240.68279311079482
2022-07-20,247.5,245.69855674997973
2022-07-21,271.7066650390625,248.32795242447335
2022-07-22,272.24334716796875,270.6813676666544
2022-07-25,268.4333190917969,271.6593949130336
2022-07-26,258.8599853515625,269.7455842753398
2022-07-27,274.82000732421875,260.47294560282563
2022-07-28,280.8999938964844,272.5791892676776
2022-07-29,297.1499938964844,281.73682812278753
2022-08-01,297.27667236328125,299.2382142225754
2022-08-02,300.586669921875,297.78799952605374
2022-08-03,307.39666748046875,299.20755443987196
2022-08-04,308.6333312988281,306.2612763739731
2022-08-05,288.1700134277344,308.5671620905865
2022-08-08,290.42333984375,290.95819786156807
2022-08-09,283.3333435058594,289.3586419814142
2022-08-10,294.3566589355469,282.81375032547635
2022-08-11,286.6300048828125,293.8674038475853
2022-08-12,300.0299987792969,286.0423348565939
2022-08-15,309.32000732421875,302.0081483029732
2022-08-16,306.5633239746094,309.6387168930768
2022-08-17,303.9966735839844,307.1916495122782
2022-08-18,302.8699951171875,304.1131525033225
2022-08-19,296.6666564941406,303.12879039884245
2022-08-22,289.913330078125,295.5493781656307
2022-08-23,296.4533386230469,290.3361719614641
2022-08-24,297.0966796875,296.24990193295446
2022-08-25,296.07000732421875,296.40741397787076
2022-08-26,288.0899963378906,294.29392725020386
2022-08-29,284.82000732421875,290.15693767195063
2022-08-30,277.70001220703125,285.07823776867036
2022-08-31,275.6099853515625,278.2375137786336
2022-09-01,277.1600036621094,276.571596938215
2022-09-02,270.2099914550781,276.8224805573929
2022-09-05,270.2099914550781,269.8727313268182
2022-09-06,274.4200134277344,271.4147209682111
2022-09-07,283.70001220703125,275.6137692384115
2022-09-08,289.260009765625,281.6481354543105
2022-09-09,299.67999267578125,290.11823835597244
2022-09-12,304.4200134277344,301.9447990558092
2022-09-13,292.1300048828125,304.79744652473175
2022-09-14,302.6099853515625,291.21763143033047
2022-09-15,303.75,301.3779256512057
2022-09-16,303.3500061035156,303.6838301977923
2022-09-19,309.07000732421875,305.5327121284886
2022-09-20,308.7300109863281,307.8824185300969
2022-09-21,300.79998779296875,308.0030051826344
2022-09-22,288.5899963378906,300.8764541836964
2022-09-23,275.3299865722656,288.1546986729104
2022-09-26,276.010009765625,278.1172898564659
2022-09-27,282.94000244140625,276.6129735615943
2022-09-28,287.8099975585937,283.284578198777
2022-09-29,268.2099914550781,287.69348752091173
2022-09-30,265.25,269.0192503806894
2022-10-03,242.3999938964844,264.05145480844016
2022-10-04,249.44000244140625,243.30615477912346
2022-10-05,240.80999755859372,249.23606230339482
2022-10-06,238.1300048828125,240.40057106392885
2022-10-07,223.07000732421875,236.41226435934658
2022-10-10,222.9600067138672,225.3523716426179
2022-10-11,216.5,223.12937492100286
2022-10-12,217.2400054931641,217.01490242622367
2022-10-13,221.72000122070312,218.11552926131446
2022-10-14,204.9900054931641,221.29145813609864
2022-10-17,219.3500061035156,204.94514242694763
2022-10-18,220.19000244140625,220.13019823632817
2022-10-19,222.0399932861328,221.472648235837
2022-10-20,207.27999877929688,220.2150245567003
2022-10-21,214.44000244140625,208.75829923653058
2022-10-24,211.25,216.8219023627297
2022-10-25,222.4199981689453,211.87028187679994
2022-10-26,224.63999938964844,220.80696868968874
2022-10-27,225.08999633789065,223.63606766885246
2022-10-28,228.5200042724609,225.05153460643731
2022-10-31,227.5399932861328,230.58796320680605
2022-11-01,227.82000732421875,226.55113698345693
2022-11-02,214.97999572753903,227.08028797049184
2022-11-03,215.30999755859372,215.20425381269044
2022-11-04,207.47000122070312,214.50072339372983
2022-11-07,197.0800018310547,210.08245127761097
2022-11-08,191.3000030517578,198.01176400226714
2022-11-09,177.58999633789062,192.03806814415017
2022-11-10,190.72000122070312,178.04607522832995
2022-11-11,195.97000122070312,190.55880152101304
2022-11-14,190.9499969482422,194.4944049556709
2022-11-15,194.4199981689453,191.30971645575372
2022-11-16,186.9199981689453,194.30730427153688
2022-11-17,183.1699981689453,186.47922358420314
2022-11-18,180.19000244140625,181.48360263832112
2022-11-21,167.8699951171875,182.10875790541883
2022-11-22,169.91000366210938,168.39686824426985
2022-11-23,183.1999969482422,170.17917836236938
2022-11-24,183.1999969482422,183.6893668565614
2022-11-25,182.8600006103516,182.89499929973834
2022-11-28,182.9199981689453,182.32424246800355
2022-11-29,180.8300018310547,184.11692662774556
2022-11-30,194.6999969482422,182.2136464129386
2022-12-01,194.6999969482422,192.5153320436495
2022-12-02,194.8600006103516,195.7220097826929
2022-12-05,182.4499969482422,197.43937908029235
2022-12-06,179.82000732421875,183.35448297961318
2022-12-07,174.0399932861328,178.63201575154739
2022-12-08,173.44000244140625,173.2903158854059
2022-12-09,179.0500030517578,173.44090056371496
2022-12-12,167.82000732421875,181.05336113378235
2022-12-13,160.9499969482422,167.13852924470444
2022-12-14,156.8000030517578,160.4353297862064
2022-12-15,157.6699981689453,156.7688022302062
2022-12-16,150.22999572753906,156.83671850278728
2022-12-19,149.8699951171875,152.82965012309825
2022-12-20,137.8000030517578,150.4986820865824
2022-12-21,137.57000732421875,138.71874352102114
2022-12-22,125.3499984741211,137.62473391683255
2022-12-23,123.1500015258789,125.9417086343628
2022-12-26,123.1500015258789,121.92195554779542
2022-12-27,109.0999984741211,123.36569609503123
2022-12-28,112.70999908447266,109.51168322338549
2022-12-29,121.81999969482422,111.94976762621084
2022-12-30,123.18000030517578,119.73586957512886
2023-01-02,123.18000030517578,124.9557787250088
2023-01-03,108.0999984741211,123.33076084717443
2023-01-04,113.63999938964844,108.87447665021837
2023-01-05,110.33999633789062,114.37850060334688
2023-01-06,113.05999755859376,110.14210571277523
2023-01-09,119.7699966430664,112.43512593395151
2023-01-10,118.8499984741211,120.76354954477011
2023-01-11,123.22000122070312,120.19219682169413
2023-01-12,123.55999755859376,121.32077975147833
2023-01-13,122.4000015258789,124.58036401299451
2023-01-16,122.4000015258789,125.01916568548036
2023-01-17,131.49000549316406,122.93117449805447
2023-01-18,128.77999877929688,129.93705760308933
2023-01-19,127.16999816894533,127.92665973628867
2023-01-20,133.4199981689453,127.19824835770055
2023-01-23,143.75,135.40486751243833
2023-01-24,143.88999938964844,142.4173183691144
2023-01-25,144.42999267578125,143.14412928525087
2023-01-26,160.27000427246094,144.2502783474327
2023-01-27,177.89999389648438,158.9804720239397
2023-01-30,166.66000366210938,179.7293078740364
2023-01-31,173.22000122070312,167.5937833685232
2023-02-01,181.41000366210935,173.5857262103181
2023-02-02,188.2700042724609,181.19393936775847
2023-02-03,189.97999572753903,188.27773888226452
2023-02-06,194.75999450683597,188.61632929711718
2023-02-07,196.80999755859372,194.8273437589106
2023-02-08,201.2899932861328,196.73133362721552
2023-02-09,207.32000732421875,200.48870893968427
2023-02-10,196.88999938964844,205.32758733416867
2023-02-13,194.63999938964844,199.0243487602263
2023-02-14,209.25,194.8694824042294
2023-02-15,214.2400054931641,209.13085811427527
2023-02-16,202.0399932861328,214.968136754792
2023-02-17,208.30999755859372,202.11037754742247
2023-02-20,208.30999755859372,207.58608880431103
2023-02-21,197.3699951171875,209.50305858064786
2023-02-22,200.8600006103516,199.02060174449707
2023-02-23,202.07000732421875,198.9966433424077
2023-02-24,196.8800048828125,203.06520066830998
2023-02-27,207.6300048828125,199.6200284382115
2023-02-28,205.7100067138672,207.84040779132528
2023-03-01,202.7700042724609,204.4796424739328
2023-03-02,190.8999938964844,201.93334123121252
2023-03-03,197.7899932861328,191.23837775199192
2023-03-06,193.80999755859372,199.76490786934784
2023-03-07,187.7100067138672,192.9088679373749
2023-03-08,182.0,187.165472907286
2023-03-09,172.9199981689453,182.0149765079539
2023-03-10,173.44000244140625,172.38838674649136
2023-03-13,174.47999572753906,175.80854068223934
2023-03-14,183.25999450683597,175.05945846826566
2023-03-15,180.4499969482422,183.5480307761241
2023-03-16,184.1300048828125,180.56355019242585
2023-03-17,180.1300048828125,184.24365379848817
2023-03-20,183.25,178.94185299220743
2023-03-21,197.5800018310547,183.37274218492766
2023-03-22,191.1499938964844,197.1324192271369
2023-03-23,192.22000122070312,190.66682229324306
2023-03-24,190.41000366210935,190.38686625247422
2023-03-27,191.80999755859372,192.28902212955538
2023-03-28,189.19000244140625,191.92162423316125
2023-03-29,193.8800048828125,189.58727699682618
2023-03-30,195.27999877929688,194.63277433283264
2023-03-31,207.4600067138672,194.9407005653334
2023-04-03,194.7700042724609,206.5453801332012
2023-04-04,192.5800018310547,196.34027330632077
2023-04-05,185.5200042724609,193.977931242215
2023-04-06,185.05999755859372,183.96740348967552
2023-04-07,185.05999755859372,186.11496729077385
2023-04-10,184.50999450683597,187.64519924421307
2023-04-11,186.7899932861328,185.05674078582305
2023-04-12,180.5399932861328,185.4430302624394
2023-04-13,185.8999938964844,179.7997017902528
2023-04-14,185.0,185.72131244611936
2023-04-17,187.0399932861328,187.19439967517707
2023-04-18,184.30999755859372,185.9638139062721
2023-04-19,180.58999633789065,183.65848007210982
2023-04-20,162.99000549316406,180.54168912730452
2023-04-21,165.0800018310547,162.71360363397227
2023-04-24,162.5500030517578,167.40886206937748
2023-04-25,160.6699981689453,163.23600490032197
2023-04-26,153.75,161.28295111932653
2023-04-27,160.19000244140625,153.99739179011664
2023-04-28,164.30999755859375,160.22439822923664
2023-05-01,161.8300018310547,162.87440570991066
2023-05-02,160.30999755859375,162.1142752517596
2023-05-03,160.61000061035156,160.3456170065995
2023-05-04,161.1999969482422,159.93831047138934
2023-05-05,170.05999755859375,159.3756587174939
2023-05-08,171.7899932861328,171.61727833184042
2023-05-09,169.14999389648438,171.88195150437548
2023-05-10,168.5399932861328,169.54727856600752
2023-05-11,172.0800018310547,169.45270846595957
2023-05-12,167.97999572753906,171.68094834319857
2023-05-15,166.35000610351562,167.55487006920967
2023-05-16,166.52000427246094,167.6012742988413
2023-05-17,173.86000061035156,167.83708576337742
2023-05-18,176.88999938964844,171.8703916225057
2023-05-19,180.13999938964844,177.82645824182094
2023-05-22,188.8699951171875,182.62354490222648
2023-05-23,185.7700042724609,189.1336183484946
2023-05-24,182.8999938964844,184.57685636583193
2023-05-25,184.47000122070312,182.06234171319204
2023-05-26,193.1699981689453,184.40275739554582
2023-05-29,193.1699981689453,195.0780487842025
2023-05-30,201.16000366210935,192.14674091340942
2023-05-31,203.92999267578125,200.18657113375588
2023-06-01,207.5200042724609,203.67611328782178
2023-06-02,213.97000122070312,206.59791889463256
2023-06-05,217.6100006103516,216.1477981114846
2023-06-06,221.30999755859372,218.105243171932
2023-06-07,224.57000732421875,221.74879839522595
2023-06-08,234.8600006103516,224.50492750354894
2023-06-09,244.3999938964844,234.76878012693552
2023-06-12,249.8300018310547,242.7970445096732
2023-06-13,258.7099914550781,249.8705137315299
2023-06-14,256.7900085449219,258.4243997990712
2023-06-15,255.8999938964844,256.1756204103275
2023-06-16,260.5400085449219,254.12204933917806
2023-06-19,260.5400085449219,262.22604176909687
2023-06-20,274.45001220703125,260.68806082149376
2023-06-21,259.4599914550781,274.34953768330496
2023-06-22,264.6099853515625,260.79165070331874
2023-06-23,256.6000061035156,264.174988252583
2023-06-26,241.0500030517578,256.2917924083211
2023-06-27,250.2100067138672,242.72488282278297
2023-06-28,256.239990234375,251.26856847107456
2023-06-29,257.5,254.28211365726008
2023-06-30,261.7699890136719,258.4908319293477
2023-07-03,279.82000732421875,264.2243938754934
2023-07-04,279.82000732421875,279.801488126322
2023-07-05,282.4800109863281,278.52479222451666
2023-07-06,276.5400085449219,281.4723918542299
2023-07-07,274.42999267578125,276.6942753145065
2023-07-10,269.6099853515625,276.6709567414266
2023-07-11,269.7900085449219,268.7422349012523
2023-07-12,271.989990234375,269.05696154102804
2023-07-13,277.8999938964844,271.7605672334166
2023-07-14,281.3800048828125,276.9086330495518
2023-07-17,290.3800048828125,283.6453405378159
2023-07-18,293.3399963378906,290.7161332000801
2023-07-19,291.260009765625,293.7963275807695
2023-07-20,262.8999938964844,291.3566114166453
2023-07-21,260.0199890136719,263.98004696417536
2023-07-24,269.0599975585937,258.82720205280316
2023-07-25,265.2799987792969,269.0039435728333
2023-07-26,264.3500061035156,265.3735507289693
2023-07-27,255.7100067138672,263.7171836162695
2023-07-28,266.44000244140625,254.16538773530507
2023-07-31,267.42999267578125,267.9492913543104
2023-08-01,261.07000732421875,267.5428348083183
2023-08-02,254.1100006103516,261.58018541453396
2023-08-03,259.32000732421875,255.21775562161974
2023-08-04,253.8600006103516,258.8764420634122
2023-08-07,251.4499969482422,253.47457432322395
2023-08-08,249.6999969482422,252.7260028201817
2023-08-09,242.19000244140625,251.0757674567086
2023-08-10,245.33999633789065,240.650313148602
2023-08-11,242.6499938964844,246.28641182472936
2023-08-14,239.75999450683597,245.31309951523
2023-08-15,232.9600067138672,240.37970910734438
2023-08-16,225.6000061035156,231.88926496967005
2023-08-17,219.22000122070312,224.90154854960008
2023-08-18,215.4900054931641,219.39687648769686
2023-08-21,231.27999877929688,217.78054014441622
2023-08-22,233.19000244140625,229.79176804398358
2023-08-23,236.8600006103516,232.38602233099624
2023-08-24,230.0399932861328,236.58407423103765
2023-08-25,238.58999633789065,229.43139997221792
2023-08-28,238.82000732421875,240.71387916106434
2023-08-29,257.17999267578125,239.41653074637506
2023-08-30,256.8999938964844,257.1794354821522
2023-08-31,258.0799865722656,256.928486671167
2023-09-01,245.00999450683597,258.2665149312889
2023-09-04,245.00999450683597,244.09775960728064
2023-09-05,256.489990234375,245.23521981727006
2023-09-06,251.9199981689453,256.13150897422196
2023-09-07,251.4900054931641,251.38338328828948
2023-09-08,248.5,249.70052528172138
2023-09-11,273.5799865722656,250.41594664487673
2023-09-12,267.4800109863281,272.978104168114
2023-09-13,271.29998779296875,267.960773186456
2023-09-14,276.0400085449219,272.0815327676475
2023-09-15,274.3900146484375,275.60078221711103
2023-09-18,265.2799987792969,273.88973934267494
2023-09-19,266.5,266.75473414528705
2023-09-20,262.5899963378906,267.7921380570462
2023-09-21,255.6999969482422,260.9391413140659
2023-09-22,244.8800048828125,256.9460482642451
2023-09-25,246.9900054931641,247.79750284937634
2023-09-26,244.1199951171875,247.4665053957375
2023-09-27,240.5,242.926331082682
2023-09-28,246.3800048828125,239.68496559349884
2023-09-29,250.22000122070312,246.18337496717322
2023-10-02,251.6000061035156,252.2708141035843
2023-10-03,246.52999877929688,250.53941092036746
2023-10-04,261.1600036621094,245.94956936879143
2023-10-05,260.04998779296875,260.56006856483083
2023-10-06,260.5299987792969,259.25929821464166
2023-10-09,259.6700134277344,262.8919254490522
2023-10-10,263.6199951171875,260.3066149504178
2023-10-11,262.989990234375,264.05551782853007
2023-10-12,258.8699951171875,263.0422058041643
2023-10-13,251.1199951171875,259.21718437712036
2023-10-16,253.9199981689453,250.05206001784254
2023-10-17,254.8500061035156,254.0560251787904
2023-10-18,242.67999267578125,254.8072144064132
2023-10-19,220.1100006103516,242.3822610310922
2023-10-20,211.9900054931641,218.99587855301087
2023-10-23,212.0800018310547,214.0811480331716
2023-10-24,216.5200042724609,212.23756365221016
2023-10-25,212.4199981689453,216.70560586607624
2023-10-26,205.75999450683597,213.43164779441943
2023-10-27,207.3000030517578,205.67174644690158
2023-10-30,197.3600006103516,206.71405056704566
2023-10-31,200.83999633789065,198.85719796030668
2023-11-01,205.66000366210935,202.06460925431284
2023-11-02,218.50999450683597,203.74365329368032
2023-11-03,219.9600067138672,219.1523128571846
2023-11-06,219.2700042724609,222.48899625986687
2023-11-07,222.17999267578125,219.81927912389534
2023-11-08,222.1100006103516,220.81409391116603
2023-11-09,209.97999572753903,221.18263511863773
2023-11-10,214.6499938964844,210.32348853442886
2023-11-13,223.7100067138672,216.6920586674999
2023-11-14,237.41000366210935,222.417377384768
2023-11-15,242.83999633789065,236.25612370804856
2023-11-16,233.58999633789065,242.50039678516333
2023-11-17,234.3000030517578,233.05281468314303
2023-11-20,235.6000061035156,236.6626392558637
2023-11-21,241.1999969482422,236.17144408753074
2023-11-22,234.2100067138672,241.58375852242216
2023-11-23,234.2100067138672,234.45259417595204
2023-11-24,235.4499969482422,234.4386063289368
2023-11-27,236.0800018310547,234.10717974509674
2023-11-28,246.72000122070312,236.27322033485757
2023-11-29,244.13999938964844,246.3859037514217
2023-11-30,240.0800018310547,243.5440656979721
2023-12-01,238.8300018310547,238.39827908551337
2023-12-04,235.5800018310547,240.69668987673722
2023-12-05,238.72000122070312,235.83158564006155
2023-12-06,239.3699951171875,238.94767223128318
2023-12-07,242.63999938964844,240.23956709349173
2023-12-08,243.83999633789065,242.2477922382973
2023-12-11,239.7400054931641,243.25513188536638
2023-12-12,237.00999450683597,241.0609936828351
2023-12-13,239.2899932861328,238.41669761999822
2023-12-14,251.0500030517578,237.4557914426914
2023-12-15,253.5,251.72769438520413
2023-12-18,252.0800018310547,255.99987916005827
2023-12-19,257.2200012207031,252.6504282824395
2023-12-20,247.13999938964844,255.7874427069938
2023-12-21,254.5,246.51270800339788
2023-12-22,252.5399932861328,254.264372004151
2023-12-25,252.5399932861328,254.76466389881244
2023-12-26,256.6099853515625,251.52629113596464
2023-12-27,261.44000244140625,255.75514082040894
2023-12-28,253.17999267578125,261.127533586461
2023-12-29,248.47999572753903,252.61375350277828
2024-01-01,248.47999572753903,251.0050201193324
2024-01-02,248.4199981689453,249.09556630125869
2024-01-03,238.4499969482422,248.9759008150113
2024-01-04,237.92999267578125,238.78771121887496
2024-01-05,237.4900054931641,238.1771559430735
2024-01-08,240.4499969482422,236.1984474875513
2024-01-09,234.9600067138672,240.57444717571036
2024-01-10,233.94000244140625,235.11061069989492
2024-01-11,227.22000122070312,233.31161805468315
2024-01-12,218.88999938964844,225.6175737245189
2024-01-15,218.88999938964844,220.9727433261416
2024-01-16,219.91000366210935,219.05002369546474
2024-01-17,215.5500030517578,220.19888953242364
2024-01-18,211.8800048828125,216.57261583357652
2024-01-19,212.19000244140625,211.70185418069812
2024-01-22,208.8000030517578,211.6384565638301
2024-01-23,209.13999938964844,210.10057032810974
2024-01-24,207.8300018310547,210.45343839151883
2024-01-25,182.6300048828125,206.1013256342908
2024-01-26,183.25,184.42627347886472
2024-01-29,190.92999267578125,185.83886240709032
2024-01-30,191.58999633789065,191.22848155820955
2024-01-31,187.2899932861328,190.28443009933207
2024-02-01,188.8600006103516,186.49210332900873
2024-02-02,187.91000366210935,188.79395672541713
2024-02-05,181.05999755859372,190.10931154199167
2024-02-06,185.1000061035156,180.2522519535119
2024-02-07,187.5800018310547,184.25228179606927
2024-02-08,189.55999755859372,187.33866760065894
2024-02-09,193.57000732421875,188.68687838924336
2024-02-12,188.1300048828125,195.82291673017198
2024-02-13,184.0200042724609,188.90153381899714
2024-02-14,188.7100067138672,184.70283591836622
2024-02-15,200.4499969482422,188.6091364459412
2024-02-16,199.9499969482422,200.31393777323498
2024-02-19,199.9499969482422,198.64868496850778
2024-02-20,193.75999450683597,200.16348049469596
2024-02-21,194.7700042724609,193.93441056239197
2024-02-22,197.41000366210935,194.08107594584678
2024-02-23,191.97000122070312,195.5232794654251
2024-02-26,199.3999938964844,193.95695005166175
2024-02-27,199.72999572753903,199.33290217975974
2024-02-28,202.0399932861328,200.03285073473643
2024-02-29,201.8800048828125,202.86173795105216
2024-03-01,202.63999938964844,201.58986592564037
2024-03-04,188.13999938964844,202.07149370345172
2024-03-05,180.7400054931641,189.77533652685392
2024-03-06,176.5399932861328,182.29712755978414
2024-03-07,178.64999389648438,174.90588694658297
2024-03-08,175.33999633789062,179.62494525847728
2024-03-11,177.77000427246094,178.02267349012394
2024-03-12,177.5399932861328,178.22976029448728
2024-03-13,169.47999572753906,176.2661530022394
2024-03-14,162.5,168.79653369223038
2024-03-15,163.57000732421875,162.69543448701182
2024-03-18,173.8000030517578,165.71624573627844
2024-03-19,171.32000732421875,172.4752092845416
2024-03-20,175.66000366210938,170.6534424278645
2024-03-21,172.82000732421875,175.3680047284711
2024-03-22,170.8300018310547,172.09081865961613
2024-03-25,172.6300048828125,173.26832547853022
2024-03-26,177.6699981689453,173.18863774261735
2024-03-27,179.8300018310547,178.07027305482
2024-03-28,175.7899932861328,179.7969556872211
2024-03-29,175.7899932861328,176.1321955387447
2024-04-01,175.22000122070312,174.48802524805652
2024-04-02,166.6300048828125,175.45066637527054
2024-04-03,168.3800048828125,166.87736732721143
2024-04-04,171.11000061035156,167.67094623519264
2024-04-05,164.89999389648438,169.21995294524706
2024-04-08,172.97999572753906,166.91007987778332
2024-04-09,176.8800048828125,172.8939860104238
2024-04-10,171.75999450683594,177.07455195368337
2024-04-11,174.60000610351562,172.80269610926533
2024-04-12,171.0500030517578,174.226000132336
2024-04-15,161.47999572753906,170.60903506391674
2024-04-16,157.11000061035156,162.97040257929348
2024-04-17,155.4499969482422,158.57130847200858
2024-04-18,149.92999267578125,153.73634575526944
2024-04-19,147.0500030517578,151.13280458126465
2024-04-22,142.0500030517578,149.72657969829368
2024-04-23,144.67999267578125,142.73380046039256
2024-04-24,162.1300048828125,143.32660341020187
2024-04-25,170.17999267578125,160.67429168434685
2024-04-26,168.2899932861328,169.8985414917892
2024-04-29,194.0500030517578,170.51116824210166
2024-04-30,183.27999877929688,192.25880026176105
2024-05-01,179.99000549316406,182.8495373644489
2024-05-02,180.00999450683594,179.9353924217922
2024-05-03,181.19000244140625,179.20166006856869
2024-05-06,184.75999450683597,183.53027176746915
2024-05-07,177.80999755859375,185.2622528713063
2024-05-08,174.72000122070312,178.57040950332942
2024-05-09,171.97000122070312,174.8562598567186
2024-05-10,168.47000122070312,172.27838245434356
2024-05-13,171.88999938964844,167.27263680208094
2024-05-14,177.5500030517578,172.0034099056905
2024-05-15,173.99000549316406,177.363785185522
2024-05-16,174.83999633789062,173.42810916683777
2024-05-17,177.4600067138672,173.01112527256285
2024-05-20,174.9499969482422,179.20546339538376
2024-05-21,186.6000061035156,175.17559042880694
2024-05-22,180.11000061035156,186.57007449316458
2024-05-23,173.74000549316406,181.18727203391856
2024-05-24,179.24000549316406,173.64498576193924
2024-05-27,179.24000549316406,178.53434252409647
2024-05-28,176.75,180.433617077968
2024-05-29,176.19000244140625,178.14561605583185
2024-05-30,178.7899932861328,174.4411723998114
2024-05-31,178.0800018310547,179.74669536025127
2024-06-03,176.2899932861328,180.68366429998815
2024-06-04,174.77000427246094,176.87471798077956
2024-06-05,175.0,173.53886476277918
2024-06-06,177.94000244140625,174.06764812282412
2024-06-07,177.47999572753906,177.82855647617646
2024-06-10,173.7899932861328,179.66314632057453
2024-06-11,170.66000366210938,172.88639630580673
2024-06-12,177.2899932861328,170.025765545699
2024-06-13,182.47000122070312,176.9298616528119
2024-06-14,178.00999450683594,181.49672577228938
2024-06-17,187.44000244140625,180.51549262055832
2024-06-18,184.8600006103516,187.77040141686885
2024-06-19,184.8600006103516,185.4833467946834
2024-06-20,181.57000732421875,184.89887177931035
2024-06-21,183.00999450683597,181.89174568386693
2024-06-24,182.5800018310547,181.66395243533893
2024-06-25,187.3500061035156,182.8051119484426
2024-06-26,196.3699951171875,187.1940178836511
2024-06-27,197.4199981689453,195.4293676067951
2024-06-28,197.8800048828125,195.57366158670894
2024-07-01,209.8600006103516,199.69011988473036
2024-07-02,231.25999450683597,209.6502606621117
2024-07-03,246.38999938964844,230.92268663668094
2024-07-04,246.38999938964844,246.80553809308063
2024-07-05,251.5200042724609,246.08277363528498
2024-07-08,252.94000244140625,250.81910317677946
2024-07-09,262.3299865722656,254.09090455968806
2024-07-10,263.260009765625,263.3657950790497
2024-07-11,241.02999877929688,261.45535499050965
2024-07-12,248.22999572753903,242.7343451657931
2024-07-15,252.63999938964844,250.61751038573814
2024-07-16,256.5599975585937,253.03109489717676
2024-07-17,248.5,255.15884475745924
2024-07-18,249.22999572753903,247.81269593441593
2024-07-19,239.1999969482422,249.19263935938002
2024-07-22,251.50999450683597,241.6741902460936
2024-07-23,246.3800048828125,250.13232687272924
2024-07-24,215.9900054931641,245.7918168843681
2024-07-25,220.25,216.74846650429635
2024-07-26,219.8000030517578,219.3382463858227
2024-07-29,232.1000061035156,222.18634226932716
2024-07-30,222.6199951171875,232.34019731842383
2024-07-31,232.07000732421875,223.44885003004325
2024-08-01,216.8600006103516,231.82989448865123
2024-08-02,207.6699981689453,217.53304627995985
2024-08-05,198.8800048828125,206.65535374796437
2024-08-06,200.63999938964844,199.36740723607474
2024-08-07,191.75999450683597,200.58276391514997
2024-08-08,198.83999633789065,191.3625398114457
2024-08-09,200.0,196.828076292996
2024-08-12,197.4900054931641,201.78399319463568
2024-08-13,207.8300018310547,197.71676149343764
2024-08-14,201.3800048828125,207.8396393641953
2024-08-15,214.13999938964844,202.4572630559846
2024-08-16,216.1199951171875,213.4676673933346
2024-08-19,222.72000122070312,215.50313781706149
2024-08-20,221.1000061035156,223.71711542273587
2024-08-21,223.2700042724609,222.4634367234279
2024-08-22,210.66000366210935,221.43781613902826
2024-08-23,220.32000732421875,212.07320288244344
2024-08-26,213.2100067138672,222.62449661793787
2024-08-27,209.2100067138672,213.94625155794947
2024-08-28,205.75,208.05828254342936
2024-08-29,206.27999877929688,204.9314030223827
2024-08-30,214.1100006103516,206.24471574774316
2024-09-02,214.1100006103516,216.04527076009006
2024-09-03,210.6000061035156,213.08756477191855
2024-09-04,219.41000366210935,209.97364957725705
2024-09-05,230.1699981689453,218.98432082507975
2024-09-06,210.72999572753903,229.02634962861458
2024-09-09,216.2700042724609,213.68242412137718
2024-09-10,226.1699981689453,216.73128472925393
2024-09-11,228.1300048828125,226.42066824994117
2024-09-12,229.80999755859372,228.09847951648632
2024-09-13,230.2899932861328,229.9796254262389
2024-09-16,226.77999877929688,228.96833177613527
2024-09-17,227.8699951171875,227.09879412381335
2024-09-18,227.1999969482422,227.82789082896514
2024-09-19,243.9199981689453,226.55523429852025
2024-09-20,238.25,241.60969534534752
2024-09-23,250.0,240.23110683411122
2024-09-24,254.2700042724609,249.80236122799283
2024-09-25,257.0199890136719,254.4500167599991
2024-09-26,254.22000122070312,257.8247484225472
2024-09-27,260.4599914550781,254.00902057702692
2024-09-30,261.6300048828125,259.72849733192083
2024-10-01,258.0199890136719,262.78752788489754
2024-10-02,249.0200042724609,259.44831611737857
2024-10-03,240.66000366210935,247.5268664955604
2024-10-04,250.0800018310547,241.95517682088402
2024-10-07,240.8300018310547,252.3881722858849
2024-10-08,244.5,241.63093947741157
2024-10-09,241.0500030517578,243.1187601411338
2024-10-10,238.7700042724609,240.224177611887
2024-10-11,217.8000030517578,238.81930426470754
2024-10-14,219.16000366210935,220.60696290558937
2024-10-15,219.57000732421875,218.1228313972355
2024-10-16,221.3300018310547,218.82490692799914
2024-10-17,220.88999938964844,221.1134930909476
2024-10-18,220.6999969482422,220.09066101477814
2024-10-21,218.8500061035156,223.08188245740774
2024-10-22,217.97000122070312,219.51708663530883
2024-10-23,213.6499938964844,218.5522047857351
2024-10-24,260.4800109863281,213.81799423703302
2024-10-25,269.19000244140625,259.2931061266355
2024-10-28,262.510009765625,267.5790351639942
2024-10-29,259.5199890136719,262.9157397348921
2024-10-30,257.54998779296875,259.6036365553631
2024-10-31,249.8500061035156,256.9482521218219
